"","ref_tagID","tag_ID","tile_ID","observer","classification","observer_ID","ref_latitude","ref_longitude","tag_latitude","tag_longitude"
"1","106_ref_1","106_Hannah Cubaynes_1","106","Hannah Cubaynes","True positive","obs2",-40.3440622,-9.91635727,-40.344059399526,-9.91634885045821
"2","106_ref_2","106_Hannah Cubaynes_2","106","Hannah Cubaynes","True positive","obs2",-40.34401003,-9.91611805,-40.3440028058672,-9.9161119487645
"3","132_ref_1","132_Hannah Cubaynes_1","132","Hannah Cubaynes","True positive","obs2",-40.34254303,-9.91841679,-40.3425346225008,-9.91840434708005
"4","134_ref_1","134_Hannah Cubaynes_1","134","Hannah Cubaynes","True positive","obs2",-40.3424781399999,-9.91651075,-40.342480564289,-9.91650128304958
"5","134_ref_2","134_Hannah Cubaynes_2","134","Hannah Cubaynes","True positive","obs2",-40.34190203,-9.91577881,-40.3418957631479,-9.91577291817081
"6","164_ref_1","164_Hannah Cubaynes_1","164","Hannah Cubaynes","True positive","obs2",-40.34011996,-9.92063255,-40.3401151117428,-9.92062596000591
"7","165_ref_1","165_Hannah Cubaynes_1","165","Hannah Cubaynes","True positive","obs2",-40.34060215,-9.92002811,-40.3406014754386,-9.92001916047469
"8","168_ref_1","168_Hannah Cubaynes_1","168","Hannah Cubaynes","True positive","obs2",-40.3406143899999,-9.91658097,-40.3406160507579,-9.91657234609573
"9","169_ref_1",NA,"169","Hannah Cubaynes","False negative","obs2",-40.34064715,-9.91552907,NA,NA
"10","169_ref_2","169_Hannah Cubaynes_1","169","Hannah Cubaynes","True positive","obs2",-40.34027098,-9.91492684,-40.3402669391882,-9.91492248793333
"11","171_ref_1","171_Hannah Cubaynes_1","171","Hannah Cubaynes","True positive","obs2",-40.34012046,-9.91246044,-40.3401157782118,-9.91245726230311
"12","199_ref_1","199_Hannah Cubaynes_1","199","Hannah Cubaynes","True positive","obs2",-40.33871253,-9.92258723,-40.3387101170991,-9.92258004202134
"13","200_ref_1",NA,"200","Hannah Cubaynes","False negative","obs2",-40.3385105099999,-9.92086478,NA,NA
"14","200_ref_2","200_Hannah Cubaynes_1","200","Hannah Cubaynes","True positive","obs2",-40.33841643,-9.92073957,-40.3384095794437,-9.92073226542132
"15","204_ref_1","204_Hannah Cubaynes_1","204","Hannah Cubaynes","True positive","obs2",-40.33904231,-9.91613252,-40.3390372104571,-9.91611661516664
"16","204_ref_2","204_Hannah Cubaynes_2","204","Hannah Cubaynes","True positive","obs2",-40.33864863,-9.91570965999999,-40.3386410548453,-9.91569941874342
"17","222_ref_1","222_Hannah Cubaynes_1","222","Hannah Cubaynes","True positive","obs2",-40.33790535,-9.91722378,-40.3378988658218,-9.91721322461303
"18","224_ref_1",NA,"224","Hannah Cubaynes","False negative","obs2",-40.33819819,-9.91453905999999,NA,NA
"19","240_ref_1",NA,"240","Hannah Cubaynes","False negative","obs2",-40.33680572,-9.9173007,NA,NA
"20","240_ref_2","240_Hannah Cubaynes_1","240","Hannah Cubaynes","True positive","obs2",-40.33679291,-9.91698266,-40.3367887858672,-9.91697127518453
"21","257_ref_1",NA,"257","Hannah Cubaynes","False negative","obs2",-40.3360814899999,-9.91874364,NA,NA
"22","257_ref_2","257_Hannah Cubaynes_1","257","Hannah Cubaynes","True positive","obs2",-40.3358816699999,-9.91895672,-40.3358795008033,-9.91895169562116
"23","56_ref_1","56_Hannah Cubaynes_1","56","Hannah Cubaynes","True positive","obs2",-40.3480961799999,-9.91007971,-40.3480909555209,-9.91006063324784
"24","56_ref_2",NA,"56","Hannah Cubaynes","False negative","obs2",-40.34808497,-9.91069702,NA,NA
"25","57_ref_1",NA,"57","Hannah Cubaynes","False negative","obs2",-40.34777837,-9.90989136,NA,NA
"26","79_ref_1","79_Hannah Cubaynes_1","79","Hannah Cubaynes","True positive","obs2",-40.34566771,-9.91598497,-40.3456624942521,-9.91598074602156
"27","79_ref_2","79_Hannah Cubaynes_2","79","Hannah Cubaynes","True positive","obs2",-40.3455076899999,-9.91577846999999,-40.3455034930202,-9.91577566146323
"28","83_ref_1","83_Hannah Cubaynes_1","83","Hannah Cubaynes","True positive","obs2",-40.34603312,-9.91184677999999,-40.3460312013966,-9.91183840631262
"29",NA,"166_Hannah Cubaynes_1","166","Hannah Cubaynes","False positive","obs2",NA,NA,-40.3408533796907,-9.91891735920688
"30",NA,"171_Hannah Cubaynes_2","171","Hannah Cubaynes","False positive","obs2",NA,NA,-40.3401130832756,-9.91275425763322
"31",NA,"203_Hannah Cubaynes_1","203","Hannah Cubaynes","False positive","obs2",NA,NA,-40.3384888632302,-9.91746586226277
"32",NA,"222_Hannah Cubaynes_2","222","Hannah Cubaynes","False positive","obs2",NA,NA,-40.3376051177832,-9.91755616957971
"33",NA,"259_Hannah Cubaynes_1","259","Hannah Cubaynes","False positive","obs2",NA,NA,-40.3355747984672,-9.91631693728134
"34",NA,"260_Hannah Cubaynes_1","260","Hannah Cubaynes","False positive","obs2",NA,NA,-40.3363979891798,-9.91453994550972
"35",NA,"286_Hannah Cubaynes_1","286","Hannah Cubaynes","False positive","obs2",NA,NA,-40.3343992921176,-9.9249448235286
"36",NA,"57_Hannah Cubaynes_1","57","Hannah Cubaynes","False positive","obs2",NA,NA,-40.3477310092706,-9.90934768409754
