"","ref_tagID","tag_ID","tile_ID","observer","classification","observer_ID","ref_latitude","ref_longitude","tag_latitude","tag_longitude"
"1","106_ref_1","106_Connor Bamford_2","106","Connor Bamford","True positive","obs3",-40.3440622,-9.91635727,-40.344059399526,-9.91634531461204
"2","106_ref_2",NA,"106","Connor Bamford","False negative","obs3",-40.34401003,-9.91611805,NA,NA
"3","132_ref_1","132_Connor Bamford_1","132","Connor Bamford","True positive","obs3",-40.34254303,-9.91841679,-40.3425373174369,-9.91840434708005
"4","134_ref_1","134_Connor Bamford_1","134","Connor Bamford","True positive","obs3",-40.3424781399999,-9.91651075,-40.342480564289,-9.91649774729774
"5","134_ref_2","134_Connor Bamford_2","134","Connor Bamford","True positive","obs3",-40.34190203,-9.91577881,-40.341898458084,-9.91577645392265
"6","164_ref_1","164_Connor Bamford_1","164","Connor Bamford","True positive","obs3",-40.34011996,-9.92063255,-40.3401151117428,-9.92062596000591
"7","165_ref_1","165_Connor Bamford_1","165","Connor Bamford","True positive","obs3",-40.34060215,-9.92002811,-40.3406014754386,-9.92001916047469
"8","168_ref_1","168_Connor Bamford_1","168","Connor Bamford","True positive","obs3",-40.3406143899999,-9.91658097,-40.3406160507579,-9.91656881043836
"9","169_ref_1",NA,"169","Connor Bamford","False negative","obs3",-40.34064715,-9.91552907,NA,NA
"10","169_ref_2","169_Connor Bamford_1","169","Connor Bamford","True positive","obs3",-40.34027098,-9.91492684,-40.3402669391882,-9.91492248793333
"11","171_ref_1","171_Connor Bamford_1","171","Connor Bamford","True positive","obs3",-40.34012046,-9.91246044,-40.3401184731479,-9.91245726230311
"12","199_ref_1",NA,"199","Connor Bamford","False negative","obs3",-40.33871253,-9.92258723,NA,NA
"13","200_ref_1",NA,"200","Connor Bamford","False negative","obs3",-40.3385105099999,-9.92086478,NA,NA
"14","200_ref_2","200_Connor Bamford_1","200","Connor Bamford","True positive","obs3",-40.33841643,-9.92073957,-40.3384122743798,-9.92073226542132
"15","204_ref_1","204_Connor Bamford_1","204","Connor Bamford","True positive","obs3",-40.33904231,-9.91613252,-40.3390399053932,-9.91611661516664
"16","204_ref_2",NA,"204","Connor Bamford","False negative","obs3",-40.33864863,-9.91570965999999,NA,NA
"17","222_ref_1",NA,"222","Connor Bamford","False negative","obs3",-40.33790535,-9.91722378,NA,NA
"18","224_ref_1",NA,"224","Connor Bamford","False negative","obs3",-40.33819819,-9.91453905999999,NA,NA
"19","240_ref_1","240_Connor Bamford_1","240","Connor Bamford","True positive","obs3",-40.33680572,-9.9173007,-40.336804955484,-9.91728946731436
"20","240_ref_2","240_Connor Bamford_2","240","Connor Bamford","True positive","obs3",-40.33679291,-9.91698266,-40.3367914808033,-9.91697127518453
"21","257_ref_1",NA,"257","Connor Bamford","False negative","obs3",-40.3360814899999,-9.91874364,NA,NA
"22","257_ref_2","257_Connor Bamford_1","257","Connor Bamford","True positive","obs3",-40.3358816699999,-9.91895672,-40.3358821957395,-9.91895169562116
"23","56_ref_1","56_Connor Bamford_1","56","Connor Bamford","True positive","obs3",-40.3480961799999,-9.91007971,-40.3480909555209,-9.91006063324784
"24","56_ref_2",NA,"56","Connor Bamford","False negative","obs3",-40.34808497,-9.91069702,NA,NA
"25","57_ref_1",NA,"57","Connor Bamford","False negative","obs3",-40.34777837,-9.90989136,NA,NA
"26","79_ref_1",NA,"79","Connor Bamford","False negative","obs3",-40.34566771,-9.91598497,NA,NA
"27","79_ref_2","79_Connor Bamford_1","79","Connor Bamford","True positive","obs3",-40.3455076899999,-9.91577846999999,-40.3455034930202,-9.91577566146323
"28","83_ref_1","83_Connor Bamford_1","83","Connor Bamford","True positive","obs3",-40.34603312,-9.91184677999999,-40.3460338963327,-9.91183840631262
"29",NA,"106_Connor Bamford_1","106","Connor Bamford","False positive","obs3",NA,NA,-40.3440674843344,-9.91648674845903
"30",NA,"151_Connor Bamford_1","151","Connor Bamford","False positive","obs3",NA,NA,-40.3416345379478,-9.916708271887
"31",NA,"160_Connor Bamford_1","160","Connor Bamford","False positive","obs3",NA,NA,-40.3406703676924,-9.92533365487902
"32",NA,"166_Connor Bamford_1","166","Connor Bamford","False positive","obs3",NA,NA,-40.3408560746268,-9.91892089486327
"33",NA,"171_Connor Bamford_2","171","Connor Bamford","False positive","obs3",NA,NA,-40.3401130832756,-9.91275425763322
"34",NA,"203_Connor Bamford_1","203","Connor Bamford","False positive","obs3",NA,NA,-40.3390170707126,-9.91796437656373
"35",NA,"254_Connor Bamford_1","254","Connor Bamford","False positive","obs3",NA,NA,-40.3359888225462,-9.92225685890012
"36",NA,"254_Connor Bamford_2","254","Connor Bamford","False positive","obs3",NA,NA,-40.3358810251008,-9.92186089198875
"37",NA,"254_Connor Bamford_3","254","Connor Bamford","False positive","obs3",NA,NA,-40.3355091239143,-9.921616948088
