"","ref_tagID","tag_ID","tile_ID","observer","classification","observer_ID","ref_latitude","ref_longitude","tag_latitude","tag_longitude"
"1","106_ref_1","106_Norman Ratcliffe_1","106","Norman Ratcliffe","True positive","obs4",-40.3440622,-9.91635727,-40.3440567045899,-9.91634531461204
"2","106_ref_2",NA,"106","Norman Ratcliffe","False negative","obs4",-40.34401003,-9.91611805,NA,NA
"3","132_ref_1","132_Norman Ratcliffe_1","132","Norman Ratcliffe","True positive","obs4",-40.34254303,-9.91841679,-40.3425346225008,-9.91840788283077
"4","134_ref_1","134_Norman Ratcliffe_1","134","Norman Ratcliffe","True positive","obs4",-40.3424781399999,-9.91651075,-40.3424778693529,-9.91650128304958
"5","134_ref_2","134_Norman Ratcliffe_3","134","Norman Ratcliffe","True positive","obs4",-40.34190203,-9.91577881,-40.3418957631479,-9.91577291817081
"6","164_ref_1","164_Norman Ratcliffe_1","164","Norman Ratcliffe","True positive","obs4",-40.34011996,-9.92063255,-40.340117806679,-9.92062596000591
"7","165_ref_1","165_Norman Ratcliffe_1","165","Norman Ratcliffe","True positive","obs4",-40.34060215,-9.92002811,-40.3406041703747,-9.92001916047469
"8","168_ref_1","168_Norman Ratcliffe_1","168","Norman Ratcliffe","True positive","obs4",-40.3406143899999,-9.91658097,-40.3406106608857,-9.91656881043836
"9","169_ref_1",NA,"169","Norman Ratcliffe","False negative","obs4",-40.34064715,-9.91552907,NA,NA
"10","169_ref_2","169_Norman Ratcliffe_1","169","Norman Ratcliffe","True positive","obs4",-40.34027098,-9.91492684,-40.3402669391882,-9.91491895227561
"11","171_ref_1","171_Norman Ratcliffe_1","171","Norman Ratcliffe","True positive","obs4",-40.34012046,-9.91246044,-40.3401157782118,-9.91245726230311
"12","199_ref_1",NA,"199","Norman Ratcliffe","False negative","obs4",-40.33871253,-9.92258723,NA,NA
"13","200_ref_1",NA,"200","Norman Ratcliffe","False negative","obs4",-40.3385105099999,-9.92086478,NA,NA
"14","200_ref_2","200_Norman Ratcliffe_1","200","Norman Ratcliffe","True positive","obs4",-40.33841643,-9.92073957,-40.3384095794437,-9.92073580098226
"15","204_ref_1","204_Norman Ratcliffe_1","204","Norman Ratcliffe","True positive","obs4",-40.33904231,-9.91613252,-40.3390372104571,-9.91611661516664
"16","204_ref_2","204_Norman Ratcliffe_2","204","Norman Ratcliffe","True positive","obs4",-40.33864863,-9.91570965999999,-40.3386410548453,-9.91570295430633
"17","222_ref_1",NA,"222","Norman Ratcliffe","False negative","obs4",-40.33790535,-9.91722378,NA,NA
"18","224_ref_1",NA,"224","Norman Ratcliffe","False negative","obs4",-40.33819819,-9.91453905999999,NA,NA
"19","240_ref_1",NA,"240","Norman Ratcliffe","False negative","obs4",-40.33680572,-9.9173007,NA,NA
"20","240_ref_2","240_Norman Ratcliffe_1","240","Norman Ratcliffe","True positive","obs4",-40.33679291,-9.91698266,-40.3367914808033,-9.91697481065264
"21","257_ref_1",NA,"257","Norman Ratcliffe","False negative","obs4",-40.3360814899999,-9.91874364,NA,NA
"22","257_ref_2","257_Norman Ratcliffe_1","257","Norman Ratcliffe","True positive","obs4",-40.3358816699999,-9.91895672,-40.3358821957395,-9.91894462478051
"23","56_ref_1","56_Norman Ratcliffe_1","56","Norman Ratcliffe","True positive","obs4",-40.3480961799999,-9.91007971,-40.3480909555209,-9.91006416928544
"24","56_ref_2","56_Norman Ratcliffe_2","56","Norman Ratcliffe","True positive","obs4",-40.34808497,-9.91069702,-40.3480828707125,-9.91068297586455
"25","57_ref_1",NA,"57","Norman Ratcliffe","False negative","obs4",-40.34777837,-9.90989136,NA,NA
"26","79_ref_1",NA,"79","Norman Ratcliffe","False negative","obs4",-40.34566771,-9.91598497,NA,NA
"27","79_ref_2","79_Norman Ratcliffe_1","79","Norman Ratcliffe","True positive","obs4",-40.3455076899999,-9.91577846999999,-40.3455034930202,-9.91577566146323
"28","83_ref_1","83_Norman Ratcliffe_1","83","Norman Ratcliffe","True positive","obs4",-40.34603312,-9.91184677999999,-40.3460312013966,-9.91183840631262
"29",NA,"134_Norman Ratcliffe_2","134","Norman Ratcliffe","False positive","obs4",NA,NA,-40.3423889364605,-9.91678060744484
"30",NA,"166_Norman Ratcliffe_1","166","Norman Ratcliffe","False positive","obs4",NA,NA,-40.3408533796907,-9.91891735920688
"31",NA,"171_Norman Ratcliffe_2","171","Norman Ratcliffe","False positive","obs4",NA,NA,-40.3401103883395,-9.91275779329191
"32",NA,"239_Norman Ratcliffe_1","239","Norman Ratcliffe","False positive","obs4",NA,NA,-40.336655448805,-9.91894273007243
"33",NA,"259_Norman Ratcliffe_1","259","Norman Ratcliffe","False positive","obs4",NA,NA,-40.3358011731025,-9.91640885823524
"34",NA,"259_Norman Ratcliffe_2","259","Norman Ratcliffe","False positive","obs4",NA,NA,-40.3357742237412,-9.91659623556436
"35",NA,"259_Norman Ratcliffe_3","259","Norman Ratcliffe","False positive","obs4",NA,NA,-40.3355774934034,-9.91631693728134
"36",NA,"57_Norman Ratcliffe_1","57","Norman Ratcliffe","False positive","obs4",NA,NA,-40.3478172472269,-9.90913198577463
"37",NA,"57_Norman Ratcliffe_2","57","Norman Ratcliffe","False positive","obs4",NA,NA,-40.3477283143344,-9.90935122013562
"38",NA,"57_Norman Ratcliffe_3","57","Norman Ratcliffe","False positive","obs4",NA,NA,-40.3475154143798,-9.90956691845852
"39",NA,"57_Norman Ratcliffe_4","57","Norman Ratcliffe","False positive","obs4",NA,NA,-40.3474615156571,-9.90960227883933
