"","ref_tagID","tag_ID","tile_ID","observer","classification","observer_ID","ref_latitude","ref_longitude","tag_latitude","tag_longitude"
"1","106_ref_1","106_Elizabeth Pearmain_1","106","Elizabeth Pearmain","True positive","obs5",-40.3440622,-9.91635727,-40.344059399526,-9.91634885045821
"2","106_ref_2",NA,"106","Elizabeth Pearmain","False negative","obs5",-40.34401003,-9.91611805,NA,NA
"3","132_ref_1","132_Elizabeth Pearmain_1","132","Elizabeth Pearmain","True positive","obs5",-40.34254303,-9.91841679,-40.3425346225008,-9.91840434708005
"4","134_ref_1","134_Elizabeth Pearmain_1","134","Elizabeth Pearmain","True positive","obs5",-40.3424781399999,-9.91651075,-40.3424778693529,-9.91650128304958
"5","134_ref_2","134_Elizabeth Pearmain_4","134","Elizabeth Pearmain","True positive","obs5",-40.34190203,-9.91577881,-40.3418957631479,-9.91577291817081
"6","164_ref_1","164_Elizabeth Pearmain_1","164","Elizabeth Pearmain","True positive","obs5",-40.34011996,-9.92063255,-40.3401151117428,-9.9206224243505
"7","165_ref_1","165_Elizabeth Pearmain_1","165","Elizabeth Pearmain","True positive","obs5",-40.34060215,-9.92002811,-40.3406014754386,-9.92001916047469
"8","168_ref_1","168_Elizabeth Pearmain_1","168","Elizabeth Pearmain","True positive","obs5",-40.3406143899999,-9.91658097,-40.3406133558218,-9.91657234609573
"9","169_ref_1",NA,"169","Elizabeth Pearmain","False negative","obs5",-40.34064715,-9.91552907,NA,NA
"10","169_ref_2","169_Elizabeth Pearmain_1","169","Elizabeth Pearmain","True positive","obs5",-40.34027098,-9.91492684,-40.3402642442521,-9.91492248793333
"11","171_ref_1","171_Elizabeth Pearmain_2","171","Elizabeth Pearmain","True positive","obs5",-40.34012046,-9.91246044,-40.3401157782118,-9.91245372664441
"12","199_ref_1",NA,"199","Elizabeth Pearmain","False negative","obs5",-40.33871253,-9.92258723,NA,NA
"13","200_ref_1",NA,"200","Elizabeth Pearmain","False negative","obs5",-40.3385105099999,-9.92086478,NA,NA
"14","200_ref_2","200_Elizabeth Pearmain_1","200","Elizabeth Pearmain","True positive","obs5",-40.33841643,-9.92073957,-40.3384095794437,-9.92073226542132
"15","204_ref_1","204_Elizabeth Pearmain_1","204","Elizabeth Pearmain","True positive","obs5",-40.33904231,-9.91613252,-40.339034515521,-9.91612015072955
"16","204_ref_2","204_Elizabeth Pearmain_2","204","Elizabeth Pearmain","True positive","obs5",-40.33864863,-9.91570965999999,-40.3386410548453,-9.91570295430633
"17","222_ref_1","222_Elizabeth Pearmain_1","222","Elizabeth Pearmain","True positive","obs5",-40.33790535,-9.91722378,-40.3378988658218,-9.91721322461303
"18","224_ref_1",NA,"224","Elizabeth Pearmain","False negative","obs5",-40.33819819,-9.91453905999999,NA,NA
"19","240_ref_1",NA,"240","Elizabeth Pearmain","False negative","obs5",-40.33680572,-9.9173007,NA,NA
"20","240_ref_2","240_Elizabeth Pearmain_1","240","Elizabeth Pearmain","True positive","obs5",-40.33679291,-9.91698266,-40.3367887858672,-9.91697127518453
"21","257_ref_1","257_Elizabeth Pearmain_1","257","Elizabeth Pearmain","True positive","obs5",-40.3360814899999,-9.91874364,-40.3360789260773,-9.91873249956102
"22","257_ref_2","257_Elizabeth Pearmain_2","257","Elizabeth Pearmain","True positive","obs5",-40.3358816699999,-9.91895672,-40.3358795008033,-9.91894816020083
"23","56_ref_1","56_Elizabeth Pearmain_1","56","Elizabeth Pearmain","True positive","obs5",-40.3480961799999,-9.91007971,-40.3480882605848,-9.91006063324784
"24","56_ref_2","56_Elizabeth Pearmain_2","56","Elizabeth Pearmain","True positive","obs5",-40.34808497,-9.91069702,-40.3480828707125,-9.91068297586455
"25","57_ref_1","57_Elizabeth Pearmain_1","57","Elizabeth Pearmain","True positive","obs5",-40.34777837,-9.90989136,-40.3477822130571,-9.90988516188576
"26","79_ref_1",NA,"79","Elizabeth Pearmain","False negative","obs5",-40.34566771,-9.91598497,NA,NA
"27","79_ref_2","79_Elizabeth Pearmain_1","79","Elizabeth Pearmain","True positive","obs5",-40.3455076899999,-9.91577846999999,-40.3455034930202,-9.91577566146323
"28","83_ref_1","83_Elizabeth Pearmain_2","83","Elizabeth Pearmain","True positive","obs5",-40.34603312,-9.91184677999999,-40.3460338963327,-9.91183840631262
"29",NA,"132_Elizabeth Pearmain_2","132","Elizabeth Pearmain","False positive","obs5",NA,NA,-40.342378316205,-9.91863770662738
"30",NA,"132_Elizabeth Pearmain_3","132","Elizabeth Pearmain","False positive","obs5",NA,NA,-40.3418123796168,-9.91883924441825
"31",NA,"134_Elizabeth Pearmain_2","134","Elizabeth Pearmain","False positive","obs5",NA,NA,-40.3423889364605,-9.91678060744484
"32",NA,"134_Elizabeth Pearmain_3","134","Elizabeth Pearmain","False positive","obs5",NA,NA,-40.3421517820806,-9.91586838347046
"33",NA,"147_Elizabeth Pearmain_1","147","Elizabeth Pearmain","False positive","obs5",NA,NA,-40.3411470736134,-9.92120037412231
"34",NA,"166_Elizabeth Pearmain_1","166","Elizabeth Pearmain","False positive","obs5",NA,NA,-40.3408533796907,-9.91892089486327
"35",NA,"171_Elizabeth Pearmain_1","171","Elizabeth Pearmain","False positive","obs5",NA,NA,-40.340121168084,-9.9129840754482
"36",NA,"171_Elizabeth Pearmain_3","171","Elizabeth Pearmain","False positive","obs5",NA,NA,-40.3401130832756,-9.91275072197453
"37",NA,"199_Elizabeth Pearmain_1","199","Elizabeth Pearmain","False positive","obs5",NA,NA,-40.3385133867613,-9.92195778338123
"38",NA,"203_Elizabeth Pearmain_1","203","Elizabeth Pearmain","False positive","obs5",NA,NA,-40.33904671501,-9.91709816377128
"39",NA,"203_Elizabeth Pearmain_2","203","Elizabeth Pearmain","False positive","obs5",NA,NA,-40.3390170707126,-9.91796437656373
"40",NA,"203_Elizabeth Pearmain_3","203","Elizabeth Pearmain","False positive","obs5",NA,NA,-40.3384915581664,-9.91746586226277
"41",NA,"204_Elizabeth Pearmain_3","204","Elizabeth Pearmain","False positive","obs5",NA,NA,-40.3386168004201,-9.91641713801387
"42",NA,"222_Elizabeth Pearmain_2","222","Elizabeth Pearmain","False positive","obs5",NA,NA,-40.3377802886319,-9.91775415842645
"43",NA,"222_Elizabeth Pearmain_3","222","Elizabeth Pearmain","False positive","obs5",NA,NA,-40.3376859658672,-9.91757384715531
"44",NA,"222_Elizabeth Pearmain_4","222","Elizabeth Pearmain","False positive","obs5",NA,NA,-40.3376051177832,-9.91755616957971
"45",NA,"239_Elizabeth Pearmain_1","239","Elizabeth Pearmain","False positive","obs5",NA,NA,-40.3369707563327,-9.91855736410203
"46",NA,"254_Elizabeth Pearmain_1","254","Elizabeth Pearmain","False positive","obs5",NA,NA,-40.3358109567613,-9.92160987725029
"47",NA,"257_Elizabeth Pearmain_3","257","Elizabeth Pearmain","False positive","obs5",NA,NA,-40.3358471615697,-9.91838602836918
"48",NA,"259_Elizabeth Pearmain_1","259","Elizabeth Pearmain","False positive","obs5",NA,NA,-40.3358011731025,-9.91640532281394
"49",NA,"259_Elizabeth Pearmain_2","259","Elizabeth Pearmain","False positive","obs5",NA,NA,-40.335771528805,-9.91659977098567
"50",NA,"259_Elizabeth Pearmain_3","259","Elizabeth Pearmain","False positive","obs5",NA,NA,-40.3355747984672,-9.91631340186003
"51",NA,"260_Elizabeth Pearmain_1","260","Elizabeth Pearmain","False positive","obs5",NA,NA,-40.3364006841159,-9.91453641008793
"52",NA,"79_Elizabeth Pearmain_2","79","Elizabeth Pearmain","False positive","obs5",NA,NA,-40.3454981031479,-9.91624947751179
"53",NA,"83_Elizabeth Pearmain_1","83","Elizabeth Pearmain","False positive","obs5",NA,NA,-40.3461578633949,-9.91150602770704
