"","ref_tagID","tag_ID","tile_ID","observer","classification","observer_ID","ref_latitude","ref_longitude","tag_latitude","tag_longitude"
"1","106_ref_1","106_Marcia Blyth_1","106","Marcia Blyth","True positive","obs6",-40.3440622,-9.91635727,-40.3440567045899,-9.91634885045821
"2","106_ref_2",NA,"106","Marcia Blyth","False negative","obs6",-40.34401003,-9.91611805,NA,NA
"3","132_ref_1","132_Marcia Blyth_1","132","Marcia Blyth","True positive","obs6",-40.34254303,-9.91841679,-40.3425346225008,-9.91840081132933
"4","134_ref_1","134_Marcia Blyth_1","134","Marcia Blyth","True positive","obs6",-40.3424781399999,-9.91651075,-40.3424778693529,-9.91650128304958
"5","134_ref_2","134_Marcia Blyth_2","134","Marcia Blyth","True positive","obs6",-40.34190203,-9.91577881,-40.341898458084,-9.91577291817081
"6","164_ref_1","164_Marcia Blyth_1","164","Marcia Blyth","True positive","obs6",-40.34011996,-9.92063255,-40.3401151117428,-9.92062596000591
"7","165_ref_1","165_Marcia Blyth_1","165","Marcia Blyth","True positive","obs6",-40.34060215,-9.92002811,-40.3406014754386,-9.92001916047469
"8","168_ref_1","168_Marcia Blyth_1","168","Marcia Blyth","True positive","obs6",-40.3406143899999,-9.91658097,-40.3406133558218,-9.91657234609573
"9","169_ref_1",NA,"169","Marcia Blyth","False negative","obs6",-40.34064715,-9.91552907,NA,NA
"10","169_ref_2","169_Marcia Blyth_1","169","Marcia Blyth","True positive","obs6",-40.34027098,-9.91492684,-40.3402642442521,-9.91492248793333
"11","171_ref_1","171_Marcia Blyth_1","171","Marcia Blyth","True positive","obs6",-40.34012046,-9.91246044,-40.3401157782118,-9.91245372664441
"12","199_ref_1",NA,"199","Marcia Blyth","False negative","obs6",-40.33871253,-9.92258723,NA,NA
"13","200_ref_1",NA,"200","Marcia Blyth","False negative","obs6",-40.3385105099999,-9.92086478,NA,NA
"14","200_ref_2","200_Marcia Blyth_1","200","Marcia Blyth","True positive","obs6",-40.33841643,-9.92073957,-40.3384122743798,-9.92073226542132
"15","204_ref_1","204_Marcia Blyth_1","204","Marcia Blyth","True positive","obs6",-40.33904231,-9.91613252,-40.339034515521,-9.91611661516664
"16","204_ref_2",NA,"204","Marcia Blyth","False negative","obs6",-40.33864863,-9.91570965999999,NA,NA
"17","222_ref_1",NA,"222","Marcia Blyth","False negative","obs6",-40.33790535,-9.91722378,NA,NA
"18","224_ref_1","224_Marcia Blyth_1","224","Marcia Blyth","True positive","obs6",-40.33819819,-9.91453905999999,-40.3381924243714,-9.91452539583563
"19","240_ref_1",NA,"240","Marcia Blyth","False negative","obs6",-40.33680572,-9.9173007,NA,NA
"20","240_ref_2","240_Marcia Blyth_1","240","Marcia Blyth","True positive","obs6",-40.33679291,-9.91698266,-40.3367887858672,-9.91697127518453
"21","257_ref_1",NA,"257","Marcia Blyth","False negative","obs6",-40.3360814899999,-9.91874364,NA,NA
"22","257_ref_2","257_Marcia Blyth_1","257","Marcia Blyth","True positive","obs6",-40.3358816699999,-9.91895672,-40.3358795008033,-9.91894816020083
"23","56_ref_1","56_Marcia Blyth_1","56","Marcia Blyth","True positive","obs6",-40.3480961799999,-9.91007971,-40.3480909555209,-9.91006416928544
"24","56_ref_2",NA,"56","Marcia Blyth","False negative","obs6",-40.34808497,-9.91069702,NA,NA
"25","57_ref_1",NA,"57","Marcia Blyth","False negative","obs6",-40.34777837,-9.90989136,NA,NA
"26","79_ref_1",NA,"79","Marcia Blyth","False negative","obs6",-40.34566771,-9.91598497,NA,NA
"27","79_ref_2","79_Marcia Blyth_1","79","Marcia Blyth","True positive","obs6",-40.3455076899999,-9.91577846999999,-40.345500798084,-9.91577566146323
"28","83_ref_1","83_Marcia Blyth_1","83","Marcia Blyth","True positive","obs6",-40.34603312,-9.91184677999999,-40.3460338963327,-9.91183840631262
"29",NA,"166_Marcia Blyth_1","166","Marcia Blyth","False positive","obs6",NA,NA,-40.3408533796907,-9.91892089486327
"30",NA,"171_Marcia Blyth_2","171","Marcia Blyth","False positive","obs6",NA,NA,-40.3401130832756,-9.91275425763322
"31",NA,"260_Marcia Blyth_1","260","Marcia Blyth","False positive","obs6",NA,NA,-40.3364006841159,-9.91453641008793
