"","ref_tagID","tag_ID","tile_ID","observer","classification","observer_ID","ref_latitude","ref_longitude","tag_latitude","tag_longitude"
"1","106_ref_1","106_Sally Thorpe_1","106","Sally Thorpe","True positive","obs7",-40.3440622,-9.91635727,-40.3440567045899,-9.91634885045821
"2","106_ref_2",NA,"106","Sally Thorpe","False negative","obs7",-40.34401003,-9.91611805,NA,NA
"3","132_ref_1","132_Sally Thorpe_1","132","Sally Thorpe","True positive","obs7",-40.34254303,-9.91841679,-40.3425346225008,-9.91840434708005
"4","134_ref_1","134_Sally Thorpe_1","134","Sally Thorpe","True positive","obs7",-40.3424781399999,-9.91651075,-40.3424778693529,-9.91650128304958
"5","134_ref_2","134_Sally Thorpe_3","134","Sally Thorpe","True positive","obs7",-40.34190203,-9.91577881,-40.3418957631479,-9.91577291817081
"6","164_ref_1","164_Sally Thorpe_1","164","Sally Thorpe","True positive","obs7",-40.34011996,-9.92063255,-40.3401151117428,-9.92062596000591
"7","165_ref_1","165_Sally Thorpe_1","165","Sally Thorpe","True positive","obs7",-40.34060215,-9.92002811,-40.3405987805025,-9.92001916047469
"8","168_ref_1","168_Sally Thorpe_1","168","Sally Thorpe","True positive","obs7",-40.3406143899999,-9.91658097,-40.3406133558218,-9.91657234609573
"9","169_ref_1",NA,"169","Sally Thorpe","False negative","obs7",-40.34064715,-9.91552907,NA,NA
"10","169_ref_2","169_Sally Thorpe_1","169","Sally Thorpe","True positive","obs7",-40.34027098,-9.91492684,-40.3402642442521,-9.91491895227561
"11","171_ref_1","171_Sally Thorpe_2","171","Sally Thorpe","True positive","obs7",-40.34012046,-9.91246044,-40.3401130832756,-9.91245726230311
"12","199_ref_1","199_Sally Thorpe_1","199","Sally Thorpe","True positive","obs7",-40.33871253,-9.92258723,-40.3387128120353,-9.92257650646088
"13","200_ref_1",NA,"200","Sally Thorpe","False negative","obs7",-40.3385105099999,-9.92086478,NA,NA
"14","200_ref_2","200_Sally Thorpe_1","200","Sally Thorpe","True positive","obs7",-40.33841643,-9.92073957,-40.3384095794437,-9.92073226542132
"15","204_ref_1","204_Sally Thorpe_1","204","Sally Thorpe","True positive","obs7",-40.33904231,-9.91613252,-40.3390372104571,-9.91612015072955
"16","204_ref_2",NA,"204","Sally Thorpe","False negative","obs7",-40.33864863,-9.91570965999999,NA,NA
"17","222_ref_1",NA,"222","Sally Thorpe","False negative","obs7",-40.33790535,-9.91722378,NA,NA
"18","224_ref_1",NA,"224","Sally Thorpe","False negative","obs7",-40.33819819,-9.91453905999999,NA,NA
"19","240_ref_1",NA,"240","Sally Thorpe","False negative","obs7",-40.33680572,-9.9173007,NA,NA
"20","240_ref_2","240_Sally Thorpe_1","240","Sally Thorpe","True positive","obs7",-40.33679291,-9.91698266,-40.3367887858672,-9.91696773971642
"21","257_ref_1","257_Sally Thorpe_1","257","Sally Thorpe","True positive","obs7",-40.3360814899999,-9.91874364,-40.3360789260773,-9.91873249956102
"22","257_ref_2","257_Sally Thorpe_3","257","Sally Thorpe","True positive","obs7",-40.3358816699999,-9.91895672,-40.3358795008033,-9.91894816020083
"23","56_ref_1","56_Sally Thorpe_1","56","Sally Thorpe","True positive","obs7",-40.3480961799999,-9.91007971,-40.3480882605848,-9.91006063324784
"24","56_ref_2","56_Sally Thorpe_2","56","Sally Thorpe","True positive","obs7",-40.34808497,-9.91069702,-40.3480828707125,-9.91068297586455
"25","57_ref_1",NA,"57","Sally Thorpe","False negative","obs7",-40.34777837,-9.90989136,NA,NA
"26","79_ref_1",NA,"79","Sally Thorpe","False negative","obs7",-40.34566771,-9.91598497,NA,NA
"27","79_ref_2","79_Sally Thorpe_1","79","Sally Thorpe","True positive","obs7",-40.3455076899999,-9.91577846999999,-40.3455034930202,-9.91577212552257
"28","83_ref_1","83_Sally Thorpe_1","83","Sally Thorpe","True positive","obs7",-40.34603312,-9.91184677999999,-40.3460338963327,-9.91183840631262
"29",NA,"134_Sally Thorpe_2","134","Sally Thorpe","False positive","obs7",NA,NA,-40.3423862415243,-9.91678060744484
"30",NA,"151_Sally Thorpe_1","151","Sally Thorpe","False positive","obs7",NA,NA,-40.3416318430117,-9.91671180759154
"31",NA,"166_Sally Thorpe_1","166","Sally Thorpe","False positive","obs7",NA,NA,-40.3408533796907,-9.91891735920688
"32",NA,"171_Sally Thorpe_1","171","Sally Thorpe","False positive","obs7",NA,NA,-40.3401130832756,-9.91275425763322
"33",NA,"199_Sally Thorpe_2","199","Sally Thorpe","False positive","obs7",NA,NA,-40.3385106918252,-9.92195424782078
"34",NA,"239_Sally Thorpe_1","239","Sally Thorpe","False positive","obs7",NA,NA,-40.3368306196537,-9.91855736410203
"35",NA,"257_Sally Thorpe_2","257","Sally Thorpe","False positive","obs7",NA,NA,-40.3359495691428,-9.91825521781716
"36",NA,"286_Sally Thorpe_1","286","Sally Thorpe","False positive","obs7",NA,NA,-40.3343992921176,-9.92494128820503
"37",NA,"286_Sally Thorpe_2","286","Sally Thorpe","False positive","obs7",NA,NA,-40.3337228631479,-9.9245064434059
"38",NA,"57_Sally Thorpe_1","57","Sally Thorpe","False positive","obs7",NA,NA,-40.3477310092706,-9.90934768409754
