"","ref_tagID","tag_ID","tile_ID","observer","classification","observer_ID","ref_latitude","ref_longitude","tag_latitude","tag_longitude"
"1","106_ref_1","106_Cath Attard_1","106","Cath Attard","True positive","obs8",-40.3440622,-9.91635727,-40.344059399526,-9.91635238630439
"2","106_ref_2",NA,"106","Cath Attard","False negative","obs8",-40.34401003,-9.91611805,NA,NA
"3","132_ref_1","132_Cath Attard_1","132","Cath Attard","True positive","obs8",-40.34254303,-9.91841679,-40.3425373174369,-9.91840434708005
"4","134_ref_1","134_Cath Attard_1","134","Cath Attard","True positive","obs8",-40.3424781399999,-9.91651075,-40.342480564289,-9.91650128304958
"5","134_ref_2","134_Cath Attard_2","134","Cath Attard","True positive","obs8",-40.34190203,-9.91577881,-40.341898458084,-9.91576938241897
"6","164_ref_1","164_Cath Attard_1","164","Cath Attard","True positive","obs8",-40.34011996,-9.92063255,-40.340117806679,-9.92062596000591
"7","165_ref_1","165_Cath Attard_2","165","Cath Attard","True positive","obs8",-40.34060215,-9.92002811,-40.3406041703747,-9.92002269613059
"8","168_ref_1","168_Cath Attard_1","168","Cath Attard","True positive","obs8",-40.3406143899999,-9.91658097,-40.3406160507579,-9.91657234609573
"9","169_ref_1","169_Cath Attard_1","169","Cath Attard","True positive","obs8",-40.34064715,-9.91552907,-40.340644230247,-9.91552001408735
"10","169_ref_2","169_Cath Attard_2","169","Cath Attard","True positive","obs8",-40.34027098,-9.91492684,-40.3402669391882,-9.91492248793333
"11","171_ref_1","171_Cath Attard_1","171","Cath Attard","True positive","obs8",-40.34012046,-9.91246044,-40.3401157782118,-9.91245372664441
"12","199_ref_1",NA,"199","Cath Attard","False negative","obs8",-40.33871253,-9.92258723,NA,NA
"13","200_ref_1",NA,"200","Cath Attard","False negative","obs8",-40.3385105099999,-9.92086478,NA,NA
"14","200_ref_2","200_Cath Attard_1","200","Cath Attard","True positive","obs8",-40.33841643,-9.92073957,-40.3384122743798,-9.92073580098226
"15","204_ref_1","204_Cath Attard_1","204","Cath Attard","True positive","obs8",-40.33904231,-9.91613252,-40.3390372104571,-9.91611661516664
"16","204_ref_2","204_Cath Attard_2","204","Cath Attard","True positive","obs8",-40.33864863,-9.91570965999999,-40.3386410548453,-9.91570295430633
"17","222_ref_1","222_Cath Attard_1","222","Cath Attard","True positive","obs8",-40.33790535,-9.91722378,-40.3379015607579,-9.91721322461303
"18","224_ref_1","224_Cath Attard_1","224","Cath Attard","True positive","obs8",-40.33819819,-9.91453905999999,-40.3381924243714,-9.91452893135187
"19","240_ref_1",NA,"240","Cath Attard","False negative","obs8",-40.33680572,-9.9173007,NA,NA
"20","240_ref_2","240_Cath Attard_1","240","Cath Attard","True positive","obs8",-40.33679291,-9.91698266,-40.3367914808033,-9.91697127518453
"21","257_ref_1",NA,"257","Cath Attard","False negative","obs8",-40.3360814899999,-9.91874364,NA,NA
"22","257_ref_2","257_Cath Attard_1","257","Cath Attard","True positive","obs8",-40.3358816699999,-9.91895672,-40.3358821957395,-9.91894816020083
"23","56_ref_1","56_Cath Attard_1","56","Cath Attard","True positive","obs8",-40.3480961799999,-9.91007971,-40.3480882605848,-9.91006063324784
"24","56_ref_2",NA,"56","Cath Attard","False negative","obs8",-40.34808497,-9.91069702,NA,NA
"25","57_ref_1",NA,"57","Cath Attard","False negative","obs8",-40.34777837,-9.90989136,NA,NA
"26","79_ref_1",NA,"79","Cath Attard","False negative","obs8",-40.34566771,-9.91598497,NA,NA
"27","79_ref_2","79_Cath Attard_1","79","Cath Attard","True positive","obs8",-40.3455076899999,-9.91577846999999,-40.3455034930202,-9.91577566146323
"28","83_ref_1","83_Cath Attard_1","83","Cath Attard","True positive","obs8",-40.34603312,-9.91184677999999,-40.3460312013966,-9.91183840631262
"29",NA,"165_Cath Attard_1","165","Cath Attard","False positive","obs8",NA,NA,-40.3406634589697,-9.9199838039157
"30",NA,"166_Cath Attard_1","166","Cath Attard","False positive","obs8",NA,NA,-40.3407213278201,-9.91884664607909
"31",NA,"171_Cath Attard_2","171","Cath Attard","False positive","obs8",NA,NA,-40.3401130832756,-9.91275779329191
"32",NA,"199_Cath Attard_1","199","Cath Attard","False positive","obs8",NA,NA,-40.3385160816975,-9.92195424782078
"33",NA,"203_Cath Attard_1","203","Cath Attard","False positive","obs8",NA,NA,-40.3390170707126,-9.91799266106307
"34",NA,"203_Cath Attard_2","203","Cath Attard","False positive","obs8",NA,NA,-40.3390170707126,-9.91796791212614
"35",NA,"203_Cath Attard_3","203","Cath Attard","False positive","obs8",NA,NA,-40.338483473358,-9.9174128288265
"36",NA,"222_Cath Attard_2","222","Cath Attard","False positive","obs8",NA,NA,-40.3377856785042,-9.91775769394157
"37",NA,"222_Cath Attard_3","222","Cath Attard","False positive","obs8",NA,NA,-40.3376051177832,-9.91755616957971
"38",NA,"222_Cath Attard_4","222","Cath Attard","False positive","obs8",NA,NA,-40.3375188798269,-9.91717786946183
"39",NA,"239_Cath Attard_1","239","Cath Attard","False positive","obs8",NA,NA,-40.3372429448823,-9.91826745575733
"40",NA,"239_Cath Attard_2","239","Cath Attard","False positive","obs8",NA,NA,-40.3369680613966,-9.91863867985725
"41",NA,"239_Cath Attard_3","239","Cath Attard","False positive","obs8",NA,NA,-40.3369518917798,-9.91837351978588
"42",NA,"239_Cath Attard_4","239","Cath Attard","False positive","obs8",NA,NA,-40.3368333145899,-9.91855736410203
"43",NA,"239_Cath Attard_5","239","Cath Attard","False positive","obs8",NA,NA,-40.3366581437412,-9.91894273007243
"44",NA,"239_Cath Attard_6","239","Cath Attard","False positive","obs8",NA,NA,-40.3364829728924,-9.91899929755432
"45",NA,"259_Cath Attard_1","259","Cath Attard","False positive","obs8",NA,NA,-40.3360841413966,-9.9159421826231
"46",NA,"259_Cath Attard_2","259","Cath Attard","False positive","obs8",NA,NA,-40.3355747984672,-9.91631340186003
"47",NA,"260_Cath Attard_1","260","Cath Attard","False positive","obs8",NA,NA,-40.3364006841159,-9.91453641008793
"48",NA,"286_Cath Attard_1","286","Cath Attard","False positive","obs8",NA,NA,-40.3343992921176,-9.92494128820503
"49",NA,"286_Cath Attard_2","286","Cath Attard","False positive","obs8",NA,NA,-40.3340246959949,-9.92406452795963
"50",NA,"286_Cath Attard_3","286","Cath Attard","False positive","obs8",NA,NA,-40.3338845593159,-9.92415291104888
"51",NA,"286_Cath Attard_4","286","Cath Attard","False positive","obs8",NA,NA,-40.333685134042,-9.92398321551752
"52",NA,"57_Cath Attard_1","57","Cath Attard","False positive","obs8",NA,NA,-40.3480247573092,-9.90935122013562
