"","ref_tagID","tag_ID","tile_ID","observer","classification","observer_ID","ref_latitude","ref_longitude","tag_latitude","tag_longitude"
"1","106_ref_1","106_Hana Merchant_1","106","Hana Merchant","True positive","obs9",-40.3440622,-9.91635727,-40.3440567045899,-9.91634885045821
"2","106_ref_2",NA,"106","Hana Merchant","False negative","obs9",-40.34401003,-9.91611805,NA,NA
"3","132_ref_1","132_Hana Merchant_1","132","Hana Merchant","True positive","obs9",-40.34254303,-9.91841679,-40.3425346225008,-9.91840434708005
"4","134_ref_1","134_Hana Merchant_1","134","Hana Merchant","True positive","obs9",-40.3424781399999,-9.91651075,-40.342480564289,-9.91650128304958
"5","134_ref_2","134_Hana Merchant_3","134","Hana Merchant","True positive","obs9",-40.34190203,-9.91577881,-40.341898458084,-9.91576938241897
"6","164_ref_1","164_Hana Merchant_2","164","Hana Merchant","True positive","obs9",-40.34011996,-9.92063255,-40.3401151117428,-9.92062596000591
"7","165_ref_1","165_Hana Merchant_1","165","Hana Merchant","True positive","obs9",-40.34060215,-9.92002811,-40.3406014754386,-9.9200156248188
"8","168_ref_1","168_Hana Merchant_1","168","Hana Merchant","True positive","obs9",-40.3406143899999,-9.91658097,-40.3406160507579,-9.91656881043836
"9","169_ref_1",NA,"169","Hana Merchant","False negative","obs9",-40.34064715,-9.91552907,NA,NA
"10","169_ref_2","169_Hana Merchant_1","169","Hana Merchant","True positive","obs9",-40.34027098,-9.91492684,-40.3402615493159,-9.91491895227561
"11","171_ref_1","171_Hana Merchant_1","171","Hana Merchant","True positive","obs9",-40.34012046,-9.91246044,-40.3401184731479,-9.91245019098572
"12","199_ref_1","199_Hana Merchant_1","199","Hana Merchant","True positive","obs9",-40.33871253,-9.92258723,-40.3387128120353,-9.92257297090043
"13","200_ref_1",NA,"200","Hana Merchant","False negative","obs9",-40.3385105099999,-9.92086478,NA,NA
"14","200_ref_2","200_Hana Merchant_2","200","Hana Merchant","True positive","obs9",-40.33841643,-9.92073957,-40.3384122743798,-9.92073226542132
"15","204_ref_1","204_Hana Merchant_1","204","Hana Merchant","True positive","obs9",-40.33904231,-9.91613252,-40.339034515521,-9.91611661516664
"16","204_ref_2",NA,"204","Hana Merchant","False negative","obs9",-40.33864863,-9.91570965999999,NA,NA
"17","222_ref_1","222_Hana Merchant_1","222","Hana Merchant","True positive","obs9",-40.33790535,-9.91722378,-40.3379015607579,-9.91721676012815
"18","224_ref_1",NA,"224","Hana Merchant","False negative","obs9",-40.33819819,-9.91453905999999,NA,NA
"19","240_ref_1","240_Hana Merchant_1","240","Hana Merchant","True positive","obs9",-40.33680572,-9.9173007,-40.3368076504201,-9.91728946731436
"20","240_ref_2","240_Hana Merchant_2","240","Hana Merchant","True positive","obs9",-40.33679291,-9.91698266,-40.3367887858672,-9.91696773971642
"21","257_ref_1","257_Hana Merchant_1","257","Hana Merchant","True positive","obs9",-40.3360814899999,-9.91874364,-40.3360816210134,-9.91872896414069
"22","257_ref_2","257_Hana Merchant_3","257","Hana Merchant","True positive","obs9",-40.3358816699999,-9.91895672,-40.3358768058672,-9.91894816020083
"23","56_ref_1","56_Hana Merchant_1","56","Hana Merchant","True positive","obs9",-40.3480961799999,-9.91007971,-40.3480909555209,-9.91006416928544
"24","56_ref_2","56_Hana Merchant_2","56","Hana Merchant","True positive","obs9",-40.34808497,-9.91069702,-40.3480855656487,-9.91067943982696
"25","57_ref_1","57_Hana Merchant_1","57","Hana Merchant","True positive","obs9",-40.34777837,-9.90989136,-40.3477822130571,-9.90988516188576
"26","79_ref_1","79_Hana Merchant_1","79","Hana Merchant","True positive","obs9",-40.34566771,-9.91598497,-40.3456651891882,-9.9159772100809
"27","79_ref_2","79_Hana Merchant_2","79","Hana Merchant","True positive","obs9",-40.3455076899999,-9.91577846999999,-40.3455034930202,-9.91577212552257
"28","83_ref_1","83_Hana Merchant_2","83","Hana Merchant","True positive","obs9",-40.34603312,-9.91184677999999,-40.3460365912689,-9.91184194225523
"29",NA,"102_Hana Merchant_1","102","Hana Merchant","False positive","obs9",NA,NA,-40.3438386938689,-9.92086940518289
"30",NA,"132_Hana Merchant_2","132","Hana Merchant","False positive","obs9",NA,NA,-40.3418150745529,-9.91883924441825
"31",NA,"134_Hana Merchant_2","134","Hana Merchant","False positive","obs9",NA,NA,-40.3423889364605,-9.91678060744484
"32",NA,"147_Hana Merchant_1","147","Hana Merchant","False positive","obs9",NA,NA,-40.3411497685496,-9.92120390982488
"33",NA,"151_Hana Merchant_1","151","Hana Merchant","False positive","obs9",NA,NA,-40.3416318430117,-9.91671180759154
"34",NA,"151_Hana Merchant_2","151","Hana Merchant","False positive","obs9",NA,NA,-40.3415429101193,-9.91636177284289
"35",NA,"160_Hana Merchant_1","160","Hana Merchant","False positive","obs9",NA,NA,-40.3404547728016,-9.92563772107456
"36",NA,"160_Hana Merchant_2","160","Hana Merchant","False positive","obs9",NA,NA,-40.3404386031848,-9.92571196979672
"37",NA,"160_Hana Merchant_3","160","Hana Merchant","False positive","obs9",NA,NA,-40.3403847044622,-9.92598775076477
"38",NA,"164_Hana Merchant_1","164","Hana Merchant","False positive","obs9",NA,NA,-40.3406972179478,-9.92118459356047
"39",NA,"166_Hana Merchant_1","166","Hana Merchant","False positive","obs9",NA,NA,-40.3408533796907,-9.91891735920688
"40",NA,"171_Hana Merchant_2","171","Hana Merchant","False positive","obs9",NA,NA,-40.3401130832756,-9.91275425763322
"41",NA,"199_Hana Merchant_2","199","Hana Merchant","False positive","obs9",NA,NA,-40.3385106918252,-9.92195778338123
"42",NA,"200_Hana Merchant_1","200","Hana Merchant","False positive","obs9",NA,NA,-40.3385065971445,-9.92127320624616
"43",NA,"203_Hana Merchant_1","203","Hana Merchant","False positive","obs9",NA,NA,-40.33904671501,-9.91709816377128
"44",NA,"203_Hana Merchant_2","203","Hana Merchant","False positive","obs9",NA,NA,-40.3390197656487,-9.91796437656373
"45",NA,"203_Hana Merchant_3","203","Hana Merchant","False positive","obs9",NA,NA,-40.3390143757764,-9.91798558993823
"46",NA,"204_Hana Merchant_2","204","Hana Merchant","False positive","obs9",NA,NA,-40.3386194953563,-9.91641713801387
"47",NA,"222_Hana Merchant_2","222","Hana Merchant","False positive","obs9",NA,NA,-40.3377775936958,-9.91775415842645
"48",NA,"222_Hana Merchant_3","222","Hana Merchant","False positive","obs9",NA,NA,-40.3376051177832,-9.91755970509483
"49",NA,"224_Hana Merchant_1","224","Hana Merchant","False positive","obs9",NA,NA,-40.3374755713596,-9.914840056781
"50",NA,"239_Hana Merchant_1","239","Hana Merchant","False positive","obs9",NA,NA,-40.336655448805,-9.91893919460481
"51",NA,"254_Hana Merchant_1","254","Hana Merchant","False positive","obs9",NA,NA,-40.3358810251008,-9.9218644274076
"52",NA,"257_Hana Merchant_2","257","Hana Merchant","False positive","obs9",NA,NA,-40.3359495691428,-9.91825521781716
"53",NA,"257_Hana Merchant_4","257","Hana Merchant","False positive","obs9",NA,NA,-40.3358498565059,-9.91838602836918
"54",NA,"259_Hana Merchant_1","259","Hana Merchant","False positive","obs9",NA,NA,-40.3358011731025,-9.91640178739264
"55",NA,"259_Hana Merchant_2","259","Hana Merchant","False positive","obs9",NA,NA,-40.3357769186773,-9.91659623556436
"56",NA,"259_Hana Merchant_3","259","Hana Merchant","False positive","obs9",NA,NA,-40.3355774934034,-9.91631340186003
"57",NA,"260_Hana Merchant_1","260","Hana Merchant","False positive","obs9",NA,NA,-40.3364006841159,-9.91453287466614
"58",NA,"286_Hana Merchant_1","286","Hana Merchant","False positive","obs9",NA,NA,-40.3340246959949,-9.92406452795963
"59",NA,"286_Hana Merchant_2","286","Hana Merchant","False positive","obs9",NA,NA,-40.3338818643798,-9.92415291104888
"60",NA,"57_Hana Merchant_2","57","Hana Merchant","False positive","obs9",NA,NA,-40.3477283143344,-9.90934768409754
"61",NA,"79_Hana Merchant_3","79","Hana Merchant","False positive","obs9",NA,NA,-40.3454981031479,-9.91625301345245
"62",NA,"83_Hana Merchant_1","83","Hana Merchant","False positive","obs9",NA,NA,-40.346160558331,-9.91150956364965
