observer,filename,file_size,file_attributes,region_count,region_id,region_shape_attributes,region_attributes
Elizabeth Pearmain,1_Gough_Island_100m2_259.jpg,52903,{},3,0,"{""name"":""point"",""cx"":138,""cy"":24}",{}
Elizabeth Pearmain,1_Gough_Island_100m2_259.jpg,52903,{},3,1,"{""name"":""point"",""cx"":57,""cy"":97}",{}
Elizabeth Pearmain,1_Gough_Island_100m2_259.jpg,52903,{},3,2,"{""name"":""point"",""cx"":112,""cy"":108}",{}
Elizabeth Pearmain,2_Gough_Island_100m2_56.jpg,56973,{},2,0,"{""name"":""point"",""cx"":286,""cy"":304}",{}
Elizabeth Pearmain,2_Gough_Island_100m2_56.jpg,56973,{},2,1,"{""name"":""point"",""cx"":110,""cy"":302}",{}
Elizabeth Pearmain,3_Gough_Island_100m2_57.jpg,61766,{},1,0,"{""name"":""point"",""cx"":3,""cy"":187}",{}
Elizabeth Pearmain,4_Gough_Island_100m2_147.jpg,49628,{},1,0,"{""name"":""point"",""cx"":108,""cy"":100}",{}
Elizabeth Pearmain,5_Gough_Island_100m2_200.jpg,53128,{},1,0,"{""name"":""point"",""cx"":231,""cy"":87}",{}
Elizabeth Pearmain,6_Gough_Island_100m2_79.jpg,52572,{},2,0,"{""name"":""point"",""cx"":328,""cy"":31}",{}
Elizabeth Pearmain,6_Gough_Island_100m2_79.jpg,52572,{},2,1,"{""name"":""point"",""cx"":194,""cy"":29}",{}
Elizabeth Pearmain,7_Gough_Island_100m2_83.jpg,58810,{},2,0,"{""name"":""point"",""cx"":110,""cy"":214}",{}
Elizabeth Pearmain,7_Gough_Island_100m2_83.jpg,58810,{},2,1,"{""name"":""point"",""cx"":204,""cy"":260}",{}
Elizabeth Pearmain,8_Gough_Island_100m2_106.jpg,56699,{},1,0,"{""name"":""point"",""cx"":159,""cy"":164}",{}
Elizabeth Pearmain,9_Gough_Island_100m2_160.jpg,51361,{},0,0,{},{}
Elizabeth Pearmain,10_Gough_Island_100m2_132.jpg,52003,{},3,0,"{""name"":""point"",""cx"":237,""cy"":274}",{}
Elizabeth Pearmain,10_Gough_Island_100m2_132.jpg,52003,{},3,1,"{""name"":""point"",""cx"":171,""cy"":216}",{}
Elizabeth Pearmain,10_Gough_Island_100m2_132.jpg,52003,{},3,2,"{""name"":""point"",""cx"":114,""cy"":6}",{}
Elizabeth Pearmain,11_Gough_Island_100m2_134.jpg,55581,{},4,0,"{""name"":""point"",""cx"":109,""cy"":245}",{}
Elizabeth Pearmain,11_Gough_Island_100m2_134.jpg,55581,{},4,1,"{""name"":""point"",""cx"":315,""cy"":29}",{}
Elizabeth Pearmain,11_Gough_Island_100m2_134.jpg,55581,{},4,2,"{""name"":""point"",""cx"":30,""cy"":212}",{}
Elizabeth Pearmain,11_Gough_Island_100m2_134.jpg,55581,{},4,3,"{""name"":""point"",""cx"":288,""cy"":124}",{}
Elizabeth Pearmain,12_Gough_Island_100m2_151.jpg,56763,{},0,0,{},{}
Elizabeth Pearmain,13_Gough_Island_100m2_164.jpg,51976,{},1,0,"{""name"":""point"",""cx"":268,""cy"":51}",{}
Elizabeth Pearmain,14_Gough_Island_100m2_165.jpg,53222,{},1,0,"{""name"":""point"",""cx"":106,""cy"":228}",{}
Elizabeth Pearmain,15_Gough_Island_100m2_166.jpg,51382,{},1,0,"{""name"":""point"",""cx"":84,""cy"":318}",{}
Elizabeth Pearmain,16_Gough_Island_100m2_168.jpg,53435,{},1,0,"{""name"":""point"",""cx"":82,""cy"":222}",{}
Elizabeth Pearmain,17_Gough_Island_100m2_169.jpg,54083,{},1,0,"{""name"":""point"",""cx"":216,""cy"":90}",{}
Elizabeth Pearmain,18_Gough_Island_100m2_171.jpg,55973,{},3,0,"{""name"":""point"",""cx"":164,""cy"":27}",{}
Elizabeth Pearmain,18_Gough_Island_100m2_171.jpg,55973,{},3,1,"{""name"":""point"",""cx"":248,""cy"":28}",{}
Elizabeth Pearmain,18_Gough_Island_100m2_171.jpg,55973,{},3,2,"{""name"":""point"",""cx"":98,""cy"":30}",{}
Elizabeth Pearmain,19_Gough_Island_100m2_199.jpg,51385,{},1,0,"{""name"":""point"",""cx"":217,""cy"":129}",{}
Elizabeth Pearmain,20_Gough_Island_100m2_254.jpg,51146,{},1,0,"{""name"":""point"",""cx"":305,""cy"":129}",{}
Elizabeth Pearmain,21_Gough_Island_100m2_203.jpg,49872,{},3,0,"{""name"":""point"",""cx"":15,""cy"":302}",{}
Elizabeth Pearmain,21_Gough_Island_100m2_203.jpg,49872,{},3,1,"{""name"":""point"",""cx"":260,""cy"":313}",{}
Elizabeth Pearmain,21_Gough_Island_100m2_203.jpg,49872,{},3,2,"{""name"":""point"",""cx"":156,""cy"":107}",{}
Elizabeth Pearmain,22_Gough_Island_100m2_204.jpg,54957,{},3,0,"{""name"":""point"",""cx"":203,""cy"":305}",{}
Elizabeth Pearmain,22_Gough_Island_100m2_204.jpg,54957,{},3,1,"{""name"":""point"",""cx"":119,""cy"":150}",{}
Elizabeth Pearmain,22_Gough_Island_100m2_204.jpg,54957,{},3,2,"{""name"":""point"",""cx"":321,""cy"":159}",{}
Elizabeth Pearmain,23_Gough_Island_100m2_222.jpg,57986,{},4,0,"{""name"":""point"",""cx"":127,""cy"":113}",{}
Elizabeth Pearmain,23_Gough_Island_100m2_222.jpg,57986,{},4,1,"{""name"":""point"",""cx"":224,""cy"":222}",{}
Elizabeth Pearmain,23_Gough_Island_100m2_222.jpg,57986,{},4,2,"{""name"":""point"",""cx"":122,""cy"":143}",{}
Elizabeth Pearmain,23_Gough_Island_100m2_222.jpg,57986,{},4,3,"{""name"":""point"",""cx"":71,""cy"":178}",{}
Elizabeth Pearmain,24_Gough_Island_100m2_102.jpg,51255,{},0,0,{},{}
Elizabeth Pearmain,25_Gough_Island_100m2_239.jpg,51683,{},1,0,"{""name"":""point"",""cx"":173,""cy"":214}",{}
Elizabeth Pearmain,26_Gough_Island_100m2_240.jpg,31451,{},1,0,"{""name"":""point"",""cx"":288,""cy"":143}",{}
Elizabeth Pearmain,27_Gough_Island_100m2_286.jpg,30664,{},0,0,{},{}
Elizabeth Pearmain,28_Gough_Island_100m2_257.jpg,30687,{},3,0,"{""name"":""point"",""cx"":59,""cy"":144}",{}
Elizabeth Pearmain,28_Gough_Island_100m2_257.jpg,30687,{},3,1,"{""name"":""point"",""cx"":120,""cy"":218}",{}
Elizabeth Pearmain,28_Gough_Island_100m2_257.jpg,30687,{},3,2,"{""name"":""point"",""cx"":218,""cy"":132}",{}
Elizabeth Pearmain,29_Gough_Island_100m2_260.jpg,32344,{},1,0,"{""name"":""point"",""cx"":308,""cy"":327}",{}
Elizabeth Pearmain,30_Gough_Island_100m2_224.jpg,32814,{},0,0,{},{}
