observer,filename,file_size,file_attributes,region_count,region_id,region_shape_attributes,region_attributes
Hana Merchant,1_Gough_Island_100m2_259.jpg,52903,{},3,0,"{""name"":""point"",""cx"":138,""cy"":25}",{}
Hana Merchant,1_Gough_Island_100m2_259.jpg,52903,{},3,1,"{""name"":""point"",""cx"":113,""cy"":108}",{}
Hana Merchant,1_Gough_Island_100m2_259.jpg,52903,{},3,2,"{""name"":""point"",""cx"":58,""cy"":99}",{}
Hana Merchant,2_Gough_Island_100m2_56.jpg,56973,{},2,0,"{""name"":""point"",""cx"":285,""cy"":305}",{}
Hana Merchant,2_Gough_Island_100m2_56.jpg,56973,{},2,1,"{""name"":""point"",""cx"":111,""cy"":303}",{}
Hana Merchant,3_Gough_Island_100m2_57.jpg,61766,{},2,0,"{""name"":""point"",""cx"":3,""cy"":187}",{}
Hana Merchant,3_Gough_Island_100m2_57.jpg,61766,{},2,1,"{""name"":""point"",""cx"":155,""cy"":167}",{}
Hana Merchant,4_Gough_Island_100m2_147.jpg,49628,{},1,0,"{""name"":""point"",""cx"":107,""cy"":101}",{}
Hana Merchant,5_Gough_Island_100m2_200.jpg,53128,{},2,0,"{""name"":""point"",""cx"":231,""cy"":88}",{}
Hana Merchant,5_Gough_Island_100m2_200.jpg,53128,{},2,1,"{""name"":""point"",""cx"":78,""cy"":123}",{}
Hana Merchant,6_Gough_Island_100m2_79.jpg,52572,{},3,0,"{""name"":""point"",""cx"":329,""cy"":31}",{}
Hana Merchant,6_Gough_Island_100m2_79.jpg,52572,{},3,1,"{""name"":""point"",""cx"":271,""cy"":91}",{}
Hana Merchant,6_Gough_Island_100m2_79.jpg,52572,{},3,2,"{""name"":""point"",""cx"":193,""cy"":29}",{}
Hana Merchant,7_Gough_Island_100m2_83.jpg,58810,{},2,0,"{""name"":""point"",""cx"":203,""cy"":261}",{}
Hana Merchant,7_Gough_Island_100m2_83.jpg,58810,{},2,1,"{""name"":""point"",""cx"":109,""cy"":215}",{}
Hana Merchant,8_Gough_Island_100m2_106.jpg,56699,{},1,0,"{""name"":""point"",""cx"":159,""cy"":163}",{}
Hana Merchant,9_Gough_Island_100m2_160.jpg,51361,{},3,0,"{""name"":""point"",""cx"":161,""cy"":185}",{}
Hana Merchant,9_Gough_Island_100m2_160.jpg,51361,{},3,1,"{""name"":""point"",""cx"":182,""cy"":191}",{}
Hana Merchant,9_Gough_Island_100m2_160.jpg,51361,{},3,2,"{""name"":""point"",""cx"":83,""cy"":165}",{}
Hana Merchant,10_Gough_Island_100m2_132.jpg,52003,{},2,0,"{""name"":""point"",""cx"":237,""cy"":274}",{}
Hana Merchant,10_Gough_Island_100m2_132.jpg,52003,{},2,1,"{""name"":""point"",""cx"":114,""cy"":7}",{}
Hana Merchant,11_Gough_Island_100m2_134.jpg,55581,{},3,0,"{""name"":""point"",""cx"":109,""cy"":246}",{}
Hana Merchant,11_Gough_Island_100m2_134.jpg,55581,{},3,1,"{""name"":""point"",""cx"":30,""cy"":212}",{}
Hana Merchant,11_Gough_Island_100m2_134.jpg,55581,{},3,2,"{""name"":""point"",""cx"":316,""cy"":30}",{}
Hana Merchant,12_Gough_Island_100m2_151.jpg,56763,{},2,0,"{""name"":""point"",""cx"":46,""cy"":266}",{}
Hana Merchant,12_Gough_Island_100m2_151.jpg,56763,{},2,1,"{""name"":""point"",""cx"":145,""cy"":233}",{}
Hana Merchant,13_Gough_Island_100m2_164.jpg,51976,{},2,0,"{""name"":""point"",""cx"":267,""cy"":51}",{}
Hana Merchant,13_Gough_Island_100m2_164.jpg,51976,{},2,1,"{""name"":""point"",""cx"":109,""cy"":267}",{}
Hana Merchant,14_Gough_Island_100m2_165.jpg,53222,{},1,0,"{""name"":""point"",""cx"":107,""cy"":228}",{}
Hana Merchant,15_Gough_Island_100m2_166.jpg,51382,{},1,0,"{""name"":""point"",""cx"":85,""cy"":318}",{}
Hana Merchant,16_Gough_Island_100m2_168.jpg,53435,{},1,0,"{""name"":""point"",""cx"":83,""cy"":223}",{}
Hana Merchant,17_Gough_Island_100m2_169.jpg,54083,{},1,0,"{""name"":""point"",""cx"":217,""cy"":89}",{}
Hana Merchant,18_Gough_Island_100m2_171.jpg,55973,{},2,0,"{""name"":""point"",""cx"":249,""cy"":29}",{}
Hana Merchant,18_Gough_Island_100m2_171.jpg,55973,{},2,1,"{""name"":""point"",""cx"":163,""cy"":27}",{}
Hana Merchant,19_Gough_Island_100m2_199.jpg,51385,{},2,0,"{""name"":""point"",""cx"":217,""cy"":128}",{}
Hana Merchant,19_Gough_Island_100m2_199.jpg,51385,{},2,1,"{""name"":""point"",""cx"":43,""cy"":203}",{}
Hana Merchant,20_Gough_Island_100m2_254.jpg,51146,{},1,0,"{""name"":""point"",""cx"":233,""cy"":155}",{}
Hana Merchant,21_Gough_Island_100m2_203.jpg,49872,{},3,0,"{""name"":""point"",""cx"":260,""cy"":313}",{}
Hana Merchant,21_Gough_Island_100m2_203.jpg,49872,{},3,1,"{""name"":""point"",""cx"":15,""cy"":303}",{}
Hana Merchant,21_Gough_Island_100m2_203.jpg,49872,{},3,2,"{""name"":""point"",""cx"":9,""cy"":301}",{}
Hana Merchant,22_Gough_Island_100m2_204.jpg,54957,{},2,0,"{""name"":""point"",""cx"":204,""cy"":305}",{}
Hana Merchant,22_Gough_Island_100m2_204.jpg,54957,{},2,1,"{""name"":""point"",""cx"":119,""cy"":151}",{}
Hana Merchant,23_Gough_Island_100m2_222.jpg,57986,{},3,0,"{""name"":""point"",""cx"":126,""cy"":113}",{}
Hana Merchant,23_Gough_Island_100m2_222.jpg,57986,{},3,1,"{""name"":""point"",""cx"":71,""cy"":177}",{}
Hana Merchant,23_Gough_Island_100m2_222.jpg,57986,{},3,2,"{""name"":""point"",""cx"":223,""cy"":223}",{}
Hana Merchant,24_Gough_Island_100m2_102.jpg,51255,{},1,0,"{""name"":""point"",""cx"":213,""cy"":96}",{}
Hana Merchant,25_Gough_Island_100m2_239.jpg,51683,{},1,0,"{""name"":""point"",""cx"":65,""cy"":97}",{}
Hana Merchant,26_Gough_Island_100m2_240.jpg,31451,{},2,0,"{""name"":""point"",""cx"":289,""cy"":143}",{}
Hana Merchant,26_Gough_Island_100m2_240.jpg,31451,{},2,1,"{""name"":""point"",""cx"":198,""cy"":150}",{}
Hana Merchant,27_Gough_Island_100m2_286.jpg,30664,{},2,0,"{""name"":""point"",""cx"":244,""cy"":88}",{}
Hana Merchant,27_Gough_Island_100m2_286.jpg,30664,{},2,1,"{""name"":""point"",""cx"":269,""cy"":141}",{}
Hana Merchant,28_Gough_Island_100m2_257.jpg,30687,{},4,0,"{""name"":""point"",""cx"":59,""cy"":143}",{}
Hana Merchant,28_Gough_Island_100m2_257.jpg,30687,{},4,1,"{""name"":""point"",""cx"":121,""cy"":219}",{}
Hana Merchant,28_Gough_Island_100m2_257.jpg,30687,{},4,2,"{""name"":""point"",""cx"":255,""cy"":170}",{}
Hana Merchant,28_Gough_Island_100m2_257.jpg,30687,{},4,3,"{""name"":""point"",""cx"":218,""cy"":133}",{}
Hana Merchant,29_Gough_Island_100m2_260.jpg,32344,{},1,0,"{""name"":""point"",""cx"":309,""cy"":327}",{}
Hana Merchant,30_Gough_Island_100m2_224.jpg,32814,{},1,0,"{""name"":""point"",""cx"":229,""cy"":57}",{}
