observer,filename,file_size,file_attributes,region_count,region_id,region_shape_attributes,region_attributes
Norman Ratcliffe,1_Gough_Island_100m2_259.jpg,52903,{},3,0,"{""name"":""point"",""cx"":111,""cy"":108}",{}
Norman Ratcliffe,1_Gough_Island_100m2_259.jpg,52903,{},3,1,"{""name"":""point"",""cx"":137,""cy"":25}",{}
Norman Ratcliffe,1_Gough_Island_100m2_259.jpg,52903,{},3,2,"{""name"":""point"",""cx"":58,""cy"":98}",{}
Norman Ratcliffe,2_Gough_Island_100m2_56.jpg,56973,{},2,0,"{""name"":""point"",""cx"":285,""cy"":305}",{}
Norman Ratcliffe,2_Gough_Island_100m2_56.jpg,56973,{},2,1,"{""name"":""point"",""cx"":110,""cy"":302}",{}
Norman Ratcliffe,3_Gough_Island_100m2_57.jpg,61766,{},4,0,"{""name"":""point"",""cx"":216,""cy"":200}",{}
Norman Ratcliffe,3_Gough_Island_100m2_57.jpg,61766,{},4,1,"{""name"":""point"",""cx"":154,""cy"":167}",{}
Norman Ratcliffe,3_Gough_Island_100m2_57.jpg,61766,{},4,2,"{""name"":""point"",""cx"":93,""cy"":88}",{}
Norman Ratcliffe,3_Gough_Island_100m2_57.jpg,61766,{},4,3,"{""name"":""point"",""cx"":83,""cy"":68}",{}
Norman Ratcliffe,4_Gough_Island_100m2_147.jpg,49628,{},0,0,{},{}
Norman Ratcliffe,5_Gough_Island_100m2_200.jpg,53128,{},1,0,"{""name"":""point"",""cx"":230,""cy"":87}",{}
Norman Ratcliffe,6_Gough_Island_100m2_79.jpg,52572,{},1,0,"{""name"":""point"",""cx"":328,""cy"":31}",{}
Norman Ratcliffe,7_Gough_Island_100m2_83.jpg,58810,{},1,0,"{""name"":""point"",""cx"":110,""cy"":213}",{}
Norman Ratcliffe,8_Gough_Island_100m2_106.jpg,56699,{},1,0,"{""name"":""point"",""cx"":160,""cy"":163}",{}
Norman Ratcliffe,9_Gough_Island_100m2_160.jpg,51361,{},0,0,{},{}
Norman Ratcliffe,10_Gough_Island_100m2_132.jpg,52003,{},1,0,"{""name"":""point"",""cx"":236,""cy"":274}",{}
Norman Ratcliffe,11_Gough_Island_100m2_134.jpg,55581,{},3,0,"{""name"":""point"",""cx"":315,""cy"":29}",{}
Norman Ratcliffe,11_Gough_Island_100m2_134.jpg,55581,{},3,1,"{""name"":""point"",""cx"":109,""cy"":245}",{}
Norman Ratcliffe,11_Gough_Island_100m2_134.jpg,55581,{},3,2,"{""name"":""point"",""cx"":30,""cy"":212}",{}
Norman Ratcliffe,12_Gough_Island_100m2_151.jpg,56763,{},0,0,{},{}
Norman Ratcliffe,13_Gough_Island_100m2_164.jpg,51976,{},1,0,"{""name"":""point"",""cx"":267,""cy"":52}",{}
Norman Ratcliffe,14_Gough_Island_100m2_165.jpg,53222,{},1,0,"{""name"":""point"",""cx"":106,""cy"":229}",{}
Norman Ratcliffe,15_Gough_Island_100m2_166.jpg,51382,{},1,0,"{""name"":""point"",""cx"":85,""cy"":318}",{}
Norman Ratcliffe,16_Gough_Island_100m2_168.jpg,53435,{},1,0,"{""name"":""point"",""cx"":83,""cy"":221}",{}
Norman Ratcliffe,17_Gough_Island_100m2_169.jpg,54083,{},1,0,"{""name"":""point"",""cx"":217,""cy"":91}",{}
Norman Ratcliffe,18_Gough_Island_100m2_171.jpg,55973,{},2,0,"{""name"":""point"",""cx"":247,""cy"":28}",{}
Norman Ratcliffe,18_Gough_Island_100m2_171.jpg,55973,{},2,1,"{""name"":""point"",""cx"":162,""cy"":26}",{}
Norman Ratcliffe,19_Gough_Island_100m2_199.jpg,51385,{},0,0,{},{}
Norman Ratcliffe,20_Gough_Island_100m2_254.jpg,51146,{},0,0,{},{}
Norman Ratcliffe,21_Gough_Island_100m2_203.jpg,49872,{},0,0,{},{}
Norman Ratcliffe,22_Gough_Island_100m2_204.jpg,54957,{},2,0,"{""name"":""point"",""cx"":204,""cy"":306}",{}
Norman Ratcliffe,22_Gough_Island_100m2_204.jpg,54957,{},2,1,"{""name"":""point"",""cx"":321,""cy"":159}",{}
Norman Ratcliffe,23_Gough_Island_100m2_222.jpg,57986,{},0,0,{},{}
Norman Ratcliffe,24_Gough_Island_100m2_102.jpg,51255,{},0,0,{},{}
Norman Ratcliffe,25_Gough_Island_100m2_239.jpg,51683,{},1,0,"{""name"":""point"",""cx"":64,""cy"":97}",{}
Norman Ratcliffe,26_Gough_Island_100m2_240.jpg,31451,{},1,0,"{""name"":""point"",""cx"":287,""cy"":144}",{}
Norman Ratcliffe,27_Gough_Island_100m2_286.jpg,30664,{},0,0,{},{}
Norman Ratcliffe,28_Gough_Island_100m2_257.jpg,30687,{},1,0,"{""name"":""point"",""cx"":60,""cy"":145}",{}
Norman Ratcliffe,29_Gough_Island_100m2_260.jpg,32344,{},0,0,{},{}
Norman Ratcliffe,30_Gough_Island_100m2_224.jpg,32814,{},0,0,{},{}
