nest_ID,nest_label,satellite_detection,nest_visible_in_satellite,observation_before_after_satellite,date,bird_ID,FED,PFR,first_marked,age_class,sex,minimum_age
13229,TRAL_2018_Gony_Path151,0,no,before,2018-01-26T00:00:00Z,GO-16-18-5380,J15917,P51,2018-01-18T23:00:00Z,Adult,Male,5
13229,TRAL_2018_Gony_Path151,0,no,after,2018-02-05T00:00:00Z,GO-16-18-5380,J15917,P51,2018-01-18T23:00:00Z,Adult,Male,5
13231,TRAL_2018_Gony_Path30,0,no,before,2018-01-26T00:00:00Z,GO-TRAL-0916-1616,J15689,A09,2006-09-26T10:00:00Z,Adult,Male,16
13231,TRAL_2018_Gony_Path30,0,no,after,2018-02-05T00:00:00Z,GO-TRAL-1171,J04760,J32,1987-09-20T22:00:00Z,Chick,Female,30
13232,TRAL_2018_Gony_Path31,0,no,before,2018-01-26T00:00:00Z,GO-TRAL-0916-7865,J15782,N71,2007-08-14T22:00:00Z,Chick,Male,10
13232,TRAL_2018_Gony_Path31,0,no,after,2018-02-05T00:00:00Z,GO-TRAL-0916-1459,J15821,E43,2011-02-01T23:00:00Z,Adult,Female,12
13235,TRAL_2018_Gonydale1,0,no,before,2018-01-26T00:00:00Z,GO-TRAL-2842,J15325,L14,2004-08-28T22:00:00Z,Chick,Female,13
13235,TRAL_2018_Gonydale1,0,no,after,2018-02-05T00:00:00Z,GO-TRAL-2651,J12666,K76,2003-10-07T22:00:00Z,Chick,Male,14
13236,TRAL_2018_Gonydale10,0,no,before,2018-01-26T00:00:00Z,GO-TRAL-2063,J14012,K53,1999-08-17T22:00:00Z,Chick,Male,18
13236,TRAL_2018_Gonydale10,0,no,after,2018-02-05T00:00:00Z,GO-TRAL-0916-1226,J16944,P55,2011-09-19T22:00:00Z,Chick,Female,6
13238,TRAL_2018_Gonydale101,0,no,before,2018-01-26T00:00:00Z,GO-TRAL-2166,J14146,J30,2000-10-28T22:00:00Z,Chick,Male,17
13238,TRAL_2018_Gonydale101,0,no,after,2018-02-05T00:00:00Z,GO-TRAL-2587,J14650,J49,2001-08-13T22:00:00Z,Chick,Female,16
13245,TRAL_2018_Gonydale108,0,no,before,2018-01-26T00:00:00Z,GO-TRAL-2968,J15470,N05,2005-09-18T22:00:00Z,Chick,Female,12
13245,TRAL_2018_Gonydale108,0,no,after,2018-02-05T00:00:00Z,GO-TRAL-3076,J15616,L56,2006-09-25T22:00:00Z,Chick,Male,11
13246,TRAL_2018_Gonydale109,0,no,before,2018-01-26T00:00:00Z,GO-TRAL-871,J04506,F98,1985-11-06T23:00:00Z,Chick,Male,32
13246,TRAL_2018_Gonydale109,0,no,after,2018-02-05T00:00:00Z,GO-TRAL-871,J04506,F98,1985-11-06T23:00:00Z,Chick,Male,32
13248,TRAL_2018_Gonydale110,0,no,before,2018-01-26T00:00:00Z,GO-TRAL-0916-1210,J16913,P81,2011-09-19T22:00:00Z,Chick,Female,6
13248,TRAL_2018_Gonydale110,0,no,after,2018-02-05T00:00:00Z,GO-TRAL-0916-1141,J16708,P39,2010-09-21T22:00:00Z,Chick,Male,7
13250,TRAL_2018_Gonydale112,0,no,before,2018-01-26T00:00:00Z,GO-16-18-4878,J15808,P34,2018-01-05T23:00:00Z,Adult,Male,5
13250,TRAL_2018_Gonydale112,0,no,after,2018-02-05T00:00:00Z,GO-16-18-5297,J22935,P28,2018-01-13T23:00:00Z,Adult,Female,5
13253,TRAL_2018_Gonydale115,0,no,before,2018-01-26T00:00:00Z,GO-TRAL-0916-2063,J15915,H04,2012-02-06T23:00:00Z,Adult,Female,11
13253,TRAL_2018_Gonydale115,0,no,after,2018-02-05T00:00:00Z,GO-TRAL-2212,J14311,B35,2001-02-21T23:00:00Z,Adult,Male,22
13254,TRAL_2018_Gonydale116,0,no,before,2018-01-26T00:00:00Z,GO-TRAL-1844,J11054,F18,1997-11-09T23:00:00Z,Chick,Male,20
13254,TRAL_2018_Gonydale116,0,no,after,2018-02-05T00:00:00Z,GO-TRAL-0916-8042,J16549,P42,2009-08-16T22:00:00Z,Chick,Female,8
13254,TRAL_2018_Gonydale116,0,no,after,2018-02-05T00:00:00Z,GO-TRAL-1844,J11054,F18,1997-11-09T23:00:00Z,Chick,Male,20
13255,TRAL_2018_Gonydale117,0,no,before,2018-01-26T00:00:00Z,GO-TRAL-0916-7797,J15852,N28,2016-01-22T23:00:00Z,Adult,Male,7
13255,TRAL_2018_Gonydale117,0,no,after,2018-02-05T00:00:00Z,GO-TRAL-0916-7797,J15852,N28,2016-01-22T23:00:00Z,Adult,Male,7
13258,TRAL_2018_Gonydale12,0,no,before,2018-01-26T00:00:00Z,GO-TRAL-0916-7900,J22685,N89,2016-01-22T23:00:00Z,Adult,Female,7
13258,TRAL_2018_Gonydale12,0,no,after,2018-02-05T00:00:00Z,GO-TRAL-2657,J12672,L90,2003-10-07T22:00:00Z,Chick,Male,14
13261,TRAL_2018_Gonydale122,0,no,before,2018-01-26T00:00:00Z,GO-16-18-5377,J15798,P30,2018-01-18T23:00:00Z,Adult,Male,11
13261,TRAL_2018_Gonydale122,0,no,after,2018-02-05T00:00:00Z,GO-TRAL-0916-8071,J16617,P48,2009-08-17T22:00:00Z,Chick,Female,9
13262,TRAL_2018_Gonydale123,0,no,before,2018-01-26T00:00:00Z,GO-TRAL-2093,J14133,F47,2000-09-13T22:00:00Z,Chick,Male,17
13262,TRAL_2018_Gonydale123,0,no,after,2018-02-05T00:00:00Z,GO-TRAL-0916-3206,J15850,G80,2007-08-15T10:00:00Z,Adult,Female,15
13266,TRAL_2018_Gonydale127,0,no,before,2018-01-26T00:00:00Z,GO-TRAL-0916-621,J15574,F39,2010-01-09T23:00:00Z,Adult,Male,13
13266,TRAL_2018_Gonydale127,0,no,after,2018-02-05T00:00:00Z,GO-TRAL-3095,J15635,N63,2006-09-25T22:00:00Z,Chick,Female,11
13267,TRAL_2018_Gonydale128,0,no,before,2018-01-26T00:00:00Z,GO-TRAL-2245,J14204,F49,2001-01-16T23:00:00Z,Adult,Female,22
13267,TRAL_2018_Gonydale128,0,no,after,2018-02-05T00:00:00Z,GO-TRAL-0916-346,J15900,E27,2009-01-06T23:00:00Z,Adult,Male,14
13268,TRAL_2018_Gonydale129,0,no,before,2018-01-26T00:00:00Z,GO-TRAL-2214,J14318,B95,2001-02-27T23:00:00Z,Adult,Male,22
13268,TRAL_2018_Gonydale129,0,no,before,2018-01-26T00:00:00Z,GO-TRAL-0916-2788,J15694,A20,2009-01-11T23:00:00Z,Adult,Female,14
13268,TRAL_2018_Gonydale129,0,no,after,2018-02-05T00:00:00Z,GO-TRAL-2214,J14318,B95,2001-02-27T23:00:00Z,Adult,Male,22
13270,TRAL_2018_Gonydale130,0,no,before,2018-01-26T00:00:00Z,GO-TRAL-3075,J15615,N00,2006-09-25T22:00:00Z,Chick,Male,11
13270,TRAL_2018_Gonydale130,0,no,after,2018-02-05T00:00:00Z,GO-TRAL-3075,J15615,N00,2006-09-25T22:00:00Z,Chick,Male,11
13271,TRAL_2018_Gonydale131,0,no,before,2018-01-26T00:00:00Z,GO-TRAL-0916-3947,J22198,N10,2014-02-06T23:00:00Z,Adult,Female,9
13271,TRAL_2018_Gonydale131,0,no,after,2018-02-05T00:00:00Z,GO-TRAL-2681,J12696,M57,2003-10-07T22:00:00Z,Chick,Male,14
13272,TRAL_2018_Gonydale132,0,no,before,2018-01-26T00:00:00Z,GO-TRAL-2967,J15469,M93,2005-09-18T22:00:00Z,Chick,Male,12
13272,TRAL_2018_Gonydale132,0,no,after,2018-02-05T00:00:00Z,GO-TRAL-3128,J15668,M20,2006-09-25T22:00:00Z,Chick,Female,11
13274,TRAL_2018_Gonydale134,0,no,before,2018-01-26T00:00:00Z,GO-TRAL-1793,J11015,B32,1995-11-06T23:00:00Z,Chick,Female,22
13274,TRAL_2018_Gonydale134,0,no,after,2018-02-05T00:00:00Z,GO-TRAL-1793,J11015,B32,1995-11-06T23:00:00Z,Chick,Female,22
13276,TRAL_2018_Gonydale136,0,no,before,2018-01-26T00:00:00Z,GO-TRAL-0916-3549,J22041,L91,2013-01-31T23:00:00Z,Adult,Female,10
13276,TRAL_2018_Gonydale136,0,no,after,2018-02-05T00:00:00Z,GO-TRAL-3044,J15557,M37,2005-09-21T22:00:00Z,Chick,Male,12
13278,TRAL_2018_Gonydale138,0,no,before,2018-01-26T00:00:00Z,GO-TRAL-0916-7859,J15948,N70,2008-08-14T22:00:00Z,Chick,Male,9
13278,TRAL_2018_Gonydale138,0,no,after,2018-02-05T00:00:00Z,GO-TRAL-0916-7898,J15945,N87,2008-08-14T22:00:00Z,Chick,Female,9
13281,TRAL_2018_Gonydale140,0,no,before,2018-01-26T00:00:00Z,GO-16-18-4904,J16682,P53,2018-01-05T23:00:00Z,Adult,Female,5
13281,TRAL_2018_Gonydale140,0,no,after,2018-02-05T00:00:00Z,GO-TRAL-3082,J15622,P64,2006-09-25T22:00:00Z,Chick,Male,11
13282,TRAL_2018_Gonydale141,0,no,before,2018-01-26T00:00:00Z,GO-TRAL-0916-8048,J16555,P26,2009-08-16T22:00:00Z,Chick,Female,8
13282,TRAL_2018_Gonydale141,0,no,after,2018-02-05T00:00:00Z,GO-TRAL-0916-8048,J16555,P26,2009-08-16T22:00:00Z,Chick,Female,8
13287,TRAL_2018_Gonydale146,0,no,before,2018-01-26T00:00:00Z,GO-TRAL-0916-7818,J22667,N44,2016-01-02T23:00:00Z,Adult,Female,7
13287,TRAL_2018_Gonydale146,0,no,after,2018-02-05T00:00:00Z,GO-TRAL-2990,J15493,N96,2005-09-18T22:00:00Z,Chick,Male,12
13289,TRAL_2018_Gonydale148,0,no,before,2018-01-26T00:00:00Z,GO-TRAL-772,J04019,B51,1984-10-20T23:00:00Z,Chick,Male,33
13289,TRAL_2018_Gonydale148,0,no,after,2018-02-05T00:00:00Z,GO-TRAL-844,J04503,A27,1985-11-06T23:00:00Z,Chick,Female,32
13291,TRAL_2018_Gonydale15,0,no,before,2018-01-26T00:00:00Z,GO-16-18-5547,J16594,P38,2018-02-04T23:00:00Z,Adult,Male,5
13291,TRAL_2018_Gonydale15,0,no,after,2018-02-05T00:00:00Z,GO-16-18-4903,J16649,P74,2018-01-05T23:00:00Z,Adult,Female,5
13293,TRAL_2018_Gonydale152,0,no,before,2018-01-26T00:00:00Z,GO-TRAL-1334,J06097,F38,1989-10-15T23:00:00Z,Chick,Male,28
13293,TRAL_2018_Gonydale152,0,no,after,2018-02-05T00:00:00Z,GO-TRAL-0916-2456,J16798,L44,2012-03-19T23:00:00Z,Adult,Female,11
13294,TRAL_2018_Gonydale153,0,no,before,2018-01-26T00:00:00Z,GO-TRAL-0916-911,J16564,H54,2010-01-09T23:00:00Z,Adult,Female,13
13294,TRAL_2018_Gonydale153,0,no,after,2018-02-05T00:00:00Z,GO-TRAL-0916-993,J16622,H79,2010-01-23T23:00:00Z,Adult,Male,13
13296,TRAL_2018_Gonydale155,0,no,before,2018-01-26T00:00:00Z,GO-TRAL-2906,J15403,P58,2004-08-30T22:00:00Z,Chick,Male,13
13296,TRAL_2018_Gonydale155,0,no,after,2018-02-05T00:00:00Z,GO-TRAL-2349,J14337,H40,2001-03-09T23:00:00Z,Adult,Female,22
13297,TRAL_2018_Gonydale16,0,no,before,2018-01-26T00:00:00Z,GO-TRAL-0916-8031,J16538,P43,2009-08-16T22:00:00Z,Chick,Male,8
13297,TRAL_2018_Gonydale16,0,no,after,2018-02-05T00:00:00Z,GO-16-18-5577,J22943,P85,2018-02-05T23:00:00Z,Adult,Female,5
13300,TRAL_2018_Gonydale19,0,no,before,2018-01-26T00:00:00Z,GO-TRAL-2006-C,J16691,P36,2010-10-01T22:00:00Z,Chick,Female,7
13300,TRAL_2018_Gonydale19,0,no,after,2018-02-05T00:00:00Z,GO-16-18-5225,J15989,P45,2018-01-12T23:00:00Z,Adult,Male,5
13305,TRAL_2018_Gonydale23,0,no,before,2018-01-26T00:00:00Z,GO-TRAL-2003,J14023,B92,1999-08-17T22:00:00Z,Chick,Female,18
13305,TRAL_2018_Gonydale23,0,no,after,2018-02-05T00:00:00Z,GO-TRAL-2184,J14171,F10,2000-11-11T23:00:00Z,Chick,Male,17
13307,TRAL_2018_Gonydale26,0,no,before,2018-01-26T00:00:00Z,GO-TRAL-0916-1435,J15766,C60,2007-02-01T11:00:00Z,Adult,Female,16
13307,TRAL_2018_Gonydale26,0,no,after,2018-02-05T00:00:00Z,GO-TRAL-0916-1435,J15766,C60,2007-02-01T11:00:00Z,Adult,Female,16
13312,TRAL_2018_Gonydale33,0,no,before,2018-01-26T00:00:00Z,GO-TRAL-1525,J06393,C51,1991-10-01T23:00:00Z,Chick,Male,26
13312,TRAL_2018_Gonydale33,0,no,after,2018-02-05T00:00:00Z,GO-TRAL-2284,J14250,B07,2001-02-05T23:00:00Z,Adult,Female,22
13315,TRAL_2018_Gonydale37,0,no,before,2018-01-26T00:00:00Z,GO-TRAL-3073,J15613,P80,2006-09-25T22:00:00Z,Chick,Male,11
13315,TRAL_2018_Gonydale37,0,no,after,2018-02-05T00:00:00Z,GO-TRAL-3132,J15672,M96,2006-09-25T22:00:00Z,Chick,Female,11
13317,TRAL_2018_Gonydale4,0,no,before,2018-01-26T00:00:00Z,GO-TRAL-2261,J14223,A78,2001-01-17T23:00:00Z,Adult,Female,22
13317,TRAL_2018_Gonydale4,0,no,after,2018-02-05T00:00:00Z,GO-TRAL-1302,J06051,K19,1988-10-28T23:00:00Z,Chick,Male,29
13319,TRAL_2018_Gonydale41,0,no,before,2018-01-26T00:00:00Z,GO-TRAL-0916-603,J15597,F24,2010-01-23T23:00:00Z,Adult,Male,13
13319,TRAL_2018_Gonydale41,0,no,after,2018-02-05T00:00:00Z,GO-TRAL-0916-603,J15597,F24,2010-01-23T23:00:00Z,Adult,Male,13
13324,TRAL_2018_Gonydale46,0,no,before,2018-01-26T00:00:00Z,GO-TRAL-2540,J14603,M70,2001-08-12T22:00:00Z,Chick,Male,16
13324,TRAL_2018_Gonydale46,0,no,after,2018-02-05T00:00:00Z,GO-TRAL-0916-2388,J16779,L13,2012-02-06T23:00:00Z,Adult,Female,11
13325,TRAL_2018_Gonydale47,0,no,before,2018-01-26T00:00:00Z,GO-TRAL-2790,J15194,E96,2004-04-05T22:00:00Z,Adult,Female,19
13325,TRAL_2018_Gonydale47,0,no,after,2018-02-05T00:00:00Z,GO-TRAL-2790,J15194,E96,2004-04-05T22:00:00Z,Adult,Female,19
13332,TRAL_2018_Gonydale53,0,no,before,2018-01-26T00:00:00Z,GO-TRAL-3139,J15679,M59,2006-09-25T22:00:00Z,Chick,Female,11
13332,TRAL_2018_Gonydale53,0,no,after,2018-02-05T00:00:00Z,GO-TRAL-2909,J15406,K41,2004-08-30T22:00:00Z,Chick,Male,13
13337,TRAL_2018_Gonydale6,0,no,before,2018-01-26T00:00:00Z,GO-TRAL-1528,J06417,F23,1991-10-01T23:00:00Z,Chick,Male,26
13337,TRAL_2018_Gonydale6,0,no,after,2018-02-05T00:00:00Z,GO-TRAL-2744,J15199,F36,2004-04-05T22:00:00Z,Adult,Female,19
13339,TRAL_2018_Gonydale61,0,no,before,2018-01-26T00:00:00Z,GO-TRAL-795,J04042,A46,1984-10-20T23:00:00Z,Chick,Male,33
13339,TRAL_2018_Gonydale61,0,no,after,2018-02-05T00:00:00Z,GO-TRAL-0916-1418,J15722,B70,2009-01-11T23:00:00Z,Adult,Female,14
13340,TRAL_2018_Gonydale62,0,no,before,2018-01-26T00:00:00Z,GO-TRAL-0916-912,J16562,H53,2010-01-17T23:00:00Z,Adult,Male,13
13340,TRAL_2018_Gonydale62,0,no,after,2018-02-05T00:00:00Z,GO-TRAL-2567,J14630,H92,2001-08-13T22:00:00Z,Chick,Female,16
13342,TRAL_2018_Gonydale64,0,no,before,2018-01-26T00:00:00Z,GO-TRAL-3080,J15620,N54,2006-09-25T22:00:00Z,Chick,Male,11
13342,TRAL_2018_Gonydale64,0,no,after,2018-02-05T00:00:00Z,GO-TRAL-0916-NM-6518,J15855,N31,2015-01-14T23:00:00Z,Adult,Female,8
13343,TRAL_2018_Gonydale65,0,no,before,2018-01-26T00:00:00Z,GO-TRAL-2769,J15237,F62,2004-04-12T22:00:00Z,Adult,Male,19
13343,TRAL_2018_Gonydale65,0,no,after,2018-02-05T00:00:00Z,GO-TRAL-2769,J15237,F62,2004-04-12T22:00:00Z,Adult,Male,19
13347,TRAL_2018_Gonydale69,0,no,before,2018-01-26T00:00:00Z,GO-TRAL-0916-7883,J15817,N81,2007-08-14T22:00:00Z,Chick,Male,10
13347,TRAL_2018_Gonydale69,0,no,after,2018-02-05T00:00:00Z,GO-TRAL-0916-7853,J15854,N64,2007-08-14T22:00:00Z,Chick,Female,10
13348,TRAL_2018_Gonydale7,0,no,before,2018-01-26T00:00:00Z,GO-TRAL-3103,J15643,N19,2006-09-25T22:00:00Z,Chick,Female,11
13348,TRAL_2018_Gonydale7,0,no,after,2018-02-05T00:00:00Z,GO-TRAL-3017,J15530,N40,2005-09-21T22:00:00Z,Chick,Male,12
13349,TRAL_2018_Gonydale70,0,no,before,2018-01-26T00:00:00Z,GO-TRAL-2570,J14633,J85,2001-08-13T22:00:00Z,Chick,Male,16
13349,TRAL_2018_Gonydale70,0,no,after,2018-02-05T00:00:00Z,GO-TRAL-0916-3941,J22192,M78,2014-01-05T23:00:00Z,Adult,Female,9
13352,TRAL_2018_Gonydale73,0,no,before,2018-01-26T00:00:00Z,GO-TRAL-2805,J15285,L49,2004-08-20T22:00:00Z,Chick,Male,13
13352,TRAL_2018_Gonydale73,0,no,after,2018-02-05T00:00:00Z,GO-TRAL-0916-7831,J15797,N50,2007-08-14T22:00:00Z,Chick,Female,10
13357,TRAL_2018_Gonydale78,0,no,before,2018-01-26T00:00:00Z,GO-TRAL-2662,J12677,K38,2003-10-07T22:00:00Z,Chick,Female,14
13357,TRAL_2018_Gonydale78,0,no,after,2018-02-05T00:00:00Z,GO-TRAL-2662,J12677,K38,2003-10-07T22:00:00Z,Chick,Female,14
13362,TRAL_2018_Gonydale82,0,no,before,2018-01-26T00:00:00Z,GO-TRAL-2574,J14637,E75,2001-08-13T22:00:00Z,Chick,Male,16
13362,TRAL_2018_Gonydale82,0,no,after,2018-02-05T00:00:00Z,GO-TRAL-2574,J14637,E75,2001-08-13T22:00:00Z,Chick,Male,16
13364,TRAL_2018_Gonydale84,0,no,before,2018-01-26T00:00:00Z,GO-TRAL-3123,J15663,N86,2006-09-25T22:00:00Z,Chick,Male,11
13364,TRAL_2018_Gonydale84,0,no,after,2018-02-05T00:00:00Z,GO-TRAL-0916-7867,J15975,N74,2016-01-16T23:00:00Z,Adult,Female,7
13365,TRAL_2018_Gonydale85,0,no,before,2018-01-26T00:00:00Z,GO-TRAL-1735,J09411,E74,1994-09-27T23:00:00Z,Chick,Male,23
13365,TRAL_2018_Gonydale85,0,no,after,2018-02-05T00:00:00Z,GO-TRAL-1735,J09411,E74,1994-09-27T23:00:00Z,Chick,Male,23
13366,TRAL_2018_Gonydale86,0,no,before,2018-01-26T00:00:00Z,GO-TRAL-3083,J15623,P63,2006-09-25T22:00:00Z,Chick,Male,11
13366,TRAL_2018_Gonydale86,0,no,after,2018-02-05T00:00:00Z,GO-TRAL-1964,J12070,A45,1998-09-26T22:00:00Z,Chick,Female,19
13367,TRAL_2018_Gonydale87,0,no,before,2018-01-26T00:00:00Z,GO-TRAL-2530,J14593,G40,2001-08-12T22:00:00Z,Chick,Female,16
13367,TRAL_2018_Gonydale87,0,no,after,2018-02-05T00:00:00Z,GO-TRAL-2530,J14593,G40,2001-08-12T22:00:00Z,Chick,Female,16
13369,TRAL_2018_Gonydale89,0,no,before,2018-01-26T00:00:00Z,GO-TRAL-0916-1113,J16600,P44,2010-09-21T22:00:00Z,Chick,Male,8
13369,TRAL_2018_Gonydale89,0,no,after,2018-02-05T00:00:00Z,GO-TRAL-0916-8027,J16532,P68,2009-08-16T22:00:00Z,Chick,Female,9
13374,TRAL_2018_Gonydale93,0,no,before,2018-01-26T00:00:00Z,GO-TRAL-0916-4001,J22544,N02,2014-01-20T23:00:00Z,Adult,Female,9
13374,TRAL_2018_Gonydale93,0,no,after,2018-02-05T00:00:00Z,GO-TRAL-0916-4001,J22544,N02,2014-01-20T23:00:00Z,Adult,Female,9
13375,TRAL_2018_Gonydale94,0,no,before,2018-01-26T00:00:00Z,GO-TRAL-0916-1547,J22668,J25,2009-01-23T23:00:00Z,Adult,Male,14
13375,TRAL_2018_Gonydale94,0,no,after,2018-02-05T00:00:00Z,GO-TRAL-1476,J06320,J45,1990-10-06T23:00:00Z,Chick,Female,27
13378,TRAL_2018_Gonydale97,0,no,before,2018-01-26T00:00:00Z,GO-TRAL-1095,J04692,C40,1986-10-20T23:00:00Z,Chick,Female,31
13378,TRAL_2018_Gonydale97,0,no,after,2018-02-05T00:00:00Z,GO-TRAL-2068,J14020,L17,1999-08-17T22:00:00Z,Chick,Male,18
13379,TRAL_2018_Gonydale98,0,no,before,2018-01-26T00:00:00Z,GO-TRAL-0916-354,J15820,E31,2009-03-16T23:00:00Z,Adult,Female,14
13379,TRAL_2018_Gonydale98,0,no,after,2018-02-05T00:00:00Z,GO-TRAL-0916-354,J15820,E31,2009-03-16T23:00:00Z,Adult,Female,14
13380,TRAL_2018_Gonydale99,0,no,before,2018-01-26T00:00:00Z,GO-TRAL-2005,J14029,J19,1999-08-17T22:00:00Z,Chick,Male,18
13380,TRAL_2018_Gonydale99,0,no,after,2018-02-05T00:00:00Z,GO-TRAL-2005,J14029,J19,1999-08-17T22:00:00Z,Chick,Male,18
13230,TRAL_2018_Gony_Path28,1,yes,after,2018-02-05T00:00:00Z,GO-TRAL-0916-3945,J22196,M92,2014-01-14T23:00:00Z,Adult,Male,10
13230,TRAL_2018_Gony_Path28,1,yes,after,2018-01-26T00:00:00Z,unringed,,,,Adult,Female,5
13234,TRAL_2018_Gony_Path80,1,yes,before,2018-01-26T00:00:00Z,GO-TRAL-2605,J15118,K84,2001-08-22T22:00:00Z,Chick,Male,16
13234,TRAL_2018_Gony_Path80,1,yes,after,2018-02-05T00:00:00Z,GO-TRAL-0916-2232,J16931,K56,2012-01-28T23:00:00Z,Adult,Female,11
13237,TRAL_2018_Gonydale100,1,yes,before,2018-01-26T00:00:00Z,GO-TRAL-2337,J14317,E94,2001-02-27T23:00:00Z,Adult,Male,22
13237,TRAL_2018_Gonydale100,1,yes,before,2018-01-26T00:00:00Z,GO-TRAL-2334,J14314,E11,2001-02-22T23:00:00Z,Adult,Female,22
13237,TRAL_2018_Gonydale100,1,yes,after,2018-02-05T00:00:00Z,GO-TRAL-2334,J14314,E11,2001-02-22T23:00:00Z,Adult,Female,22
13239,TRAL_2018_Gonydale102,1,yes,before,2018-01-26T00:00:00Z,GO-TRAL-0916-2269,J16754,K69,2012-01-28T23:00:00Z,Adult,Female,11
13239,TRAL_2018_Gonydale102,1,yes,after,2018-02-05T00:00:00Z,GO-TRAL-2204,J14275,E30,2001-02-13T23:00:00Z,Adult,Male,22
13240,TRAL_2018_Gonydale103,1,yes,before,2018-01-26T00:00:00Z,GO-TRAL-2285,J14252,C89,2001-02-05T23:00:00Z,Adult,Female,22
13240,TRAL_2018_Gonydale103,1,yes,after,2018-02-05T00:00:00Z,GO-TRAL-2288,J14255,G84,2001-02-05T23:00:00Z,Adult,Male,22
13241,TRAL_2018_Gonydale104,1,yes,before,2018-01-26T00:00:00Z,GO-TRAL-0916-8084,J16635,P29,2009-08-16T22:00:00Z,Chick,Male,8
13241,TRAL_2018_Gonydale104,1,yes,after,2018-02-05T00:00:00Z,GO-TRAL-3118,J15658,N49,2006-09-25T22:00:00Z,Chick,Female,11
13242,TRAL_2018_Gonydale105,1,yes,before,2018-01-26T00:00:00Z,GO-TRAL-2925,J15422,M40,2004-08-30T22:00:00Z,Chick,Female,13
13242,TRAL_2018_Gonydale105,1,yes,after,2018-02-05T00:00:00Z,GO-TRAL-2258,J14220,B98,2001-01-17T23:00:00Z,Adult,Male,22
13243,TRAL_2018_Gonydale106,1,yes,before,2018-01-26T00:00:00Z,GO-TRAL-0916-2312,J16759,K87,2012-02-06T23:00:00Z,Adult,Female,11
13243,TRAL_2018_Gonydale106,1,yes,after,2018-02-05T00:00:00Z,GO-TRAL-0916-2264,J16752,K67,2012-01-28T23:00:00Z,Adult,Male,11
13244,TRAL_2018_Gonydale107,1,yes,before,2018-01-26T00:00:00Z,GO-TRAL-0916-3608,J22051,M11,2013-02-13T23:00:00Z,Adult,Male,10
13244,TRAL_2018_Gonydale107,1,yes,after,2018-02-05T00:00:00Z,GO-TRAL-2810,J15290,L71,2004-08-21T22:00:00Z,Chick,Female,13
13247,TRAL_2018_Gonydale11,1,yes,before,2018-01-26T00:00:00Z,GO-TRAL-1045,J04141,F58,1986-09-26T22:00:00Z,Chick,Male,31
13247,TRAL_2018_Gonydale11,1,yes,after,2018-02-05T00:00:00Z,GO-TRAL-2777,J15272,G34,2004-04-16T22:00:00Z,Adult,Female,19
13249,TRAL_2018_Gonydale111,1,yes,before,2018-01-26T00:00:00Z,GO-TRAL-0916-1248,J16969,P52,2011-09-19T22:00:00Z,Chick,Female,6
13249,TRAL_2018_Gonydale111,1,yes,after,2018-02-05T00:00:00Z,GO-16-18-5547,J16594,P38,2018-02-04T23:00:00Z,Adult,Male,5
13251,TRAL_2018_Gonydale113,1,yes,before,2018-01-26T00:00:00Z,GO-TRAL-0916-1047,J16642,H98,2010-02-08T23:00:00Z,Adult,Female,13
13251,TRAL_2018_Gonydale113,1,yes,after,2018-02-05T00:00:00Z,GO-TRAL-0916-1047,J16642,H98,2010-02-08T23:00:00Z,Adult,Female,13
13252,TRAL_2018_Gonydale114,1,yes,before,2018-01-26T00:00:00Z,GO-TRAL-1335,J06259,A92,1989-10-15T23:00:00Z,Chick,Male,28
13252,TRAL_2018_Gonydale114,1,yes,after,2018-02-05T00:00:00Z,GO-TRAL-2792,J15439,F29,2004-09-15T22:00:00Z,Adult,Female,18
13257,TRAL_2018_Gonydale119,1,yes,before,2018-01-26T00:00:00Z,GO-TRAL-2549,J14612,J08,2001-08-13T22:00:00Z,Chick,Female,16
13257,TRAL_2018_Gonydale119,1,yes,after,2018-02-05T00:00:00Z,GO-TRAL-2549,J14612,J08,2001-08-13T22:00:00Z,Chick,Female,16
13259,TRAL_2018_Gonydale120,1,yes,before,2018-01-26T00:00:00Z,GO-TRAL-2615,J15128,H81,2001-08-22T22:00:00Z,Chick,Female,16
13259,TRAL_2018_Gonydale120,1,yes,after,2018-02-05T00:00:00Z,GO-TRAL-2615,J15128,H81,2001-08-22T22:00:00Z,Chick,Female,16
13260,TRAL_2018_Gonydale121,1,yes,before,2018-01-26T00:00:00Z,GO-TRAL-1897,J12025,E76,1998-03-25T23:00:00Z,Adult,Male,25
13260,TRAL_2018_Gonydale121,1,yes,after,2018-02-05T00:00:00Z,GO-TRAL-2194,J14211,F70,2001-01-17T23:00:00Z,Adult,Female,22
13263,TRAL_2018_Gonydale124,1,yes,before,2018-01-26T00:00:00Z,GO-TRAL-2830,J15311,K16,2004-08-21T22:00:00Z,Chick,Male,13
13263,TRAL_2018_Gonydale124,1,yes,after,2018-02-05T00:00:00Z,GO-TRAL-0916-3310,J16501,J37,2009-01-11T23:00:00Z,Adult,Female,14
13264,TRAL_2018_Gonydale125,1,yes,before,2018-01-26T00:00:00Z,GO-TRAL-2220,J14326,G46,2001-02-28T23:00:00Z,Adult,Female,22
13264,TRAL_2018_Gonydale125,1,yes,after,2018-02-05T00:00:00Z,GO-TRAL-2220,J14326,G46,2001-02-28T23:00:00Z,Adult,Female,22
13265,TRAL_2018_Gonydale126,1,yes,before,2018-01-26T00:00:00Z,GO-TRAL-2208,J14280,G69,2001-02-14T23:00:00Z,Adult,Male,22
13265,TRAL_2018_Gonydale126,1,yes,after,2018-02-05T00:00:00Z,GO-TRAL-0916-6612,J15863,N35,2007-08-14T22:00:00Z,Chick,Female,10
13269,TRAL_2018_Gonydale13,1,yes,before,2018-01-26T00:00:00Z,GO-TRAL-1733,J11004,E25,1994-09-27T23:00:00Z,Chick,Male,23
13269,TRAL_2018_Gonydale13,1,yes,after,2018-02-05T00:00:00Z,GO-TRAL-2760,J15228,A00,2004-04-06T22:00:00Z,Adult,Female,19
13273,TRAL_2018_Gonydale133,1,yes,before,2018-01-26T00:00:00Z,GO-TRAL-0916-8091,J16653,P35,2009-08-16T22:00:00Z,Chick,Male,8
13273,TRAL_2018_Gonydale133,1,yes,before,2018-01-26T00:00:00Z,GO-TRAL-0916-8052,J16559,P56,2009-08-16T22:00:00Z,Chick,Female,8
13273,TRAL_2018_Gonydale133,1,yes,after,2018-02-05T00:00:00Z,GO-TRAL-0916-8091,J16653,P35,2009-08-16T22:00:00Z,Chick,Male,8
13275,TRAL_2018_Gonydale135,1,yes,before,2018-01-26T00:00:00Z,GO-TRAL-2649,J12664,M24,2003-10-07T22:00:00Z,Chick,Male,14
13275,TRAL_2018_Gonydale135,1,yes,after,2018-02-05T00:00:00Z,GO-TRAL-2033,J13971,H48,1999-08-17T22:00:00Z,Chick,Female,18
13277,TRAL_2018_Gonydale137,1,yes,before,2018-01-26T00:00:00Z,GO-TRAL-2209,J14308,B62,2001-02-21T23:00:00Z,Adult,Male,22
13277,TRAL_2018_Gonydale137,1,yes,after,2018-02-05T00:00:00Z,GO-TRAL-0916-1440,J15761,C77,2009-01-23T23:00:00Z,Adult,Female,14
13279,TRAL_2018_Gonydale139,1,yes,before,2018-01-26T00:00:00Z,GO-TRAL-0916-338,J15741,E18,2010-01-18T23:00:00Z,Adult,Male,13
13279,TRAL_2018_Gonydale139,1,yes,after,2018-02-05T00:00:00Z,GO-TRAL-0916-338,J15741,E18,2010-01-18T23:00:00Z,Adult,Male,13
13280,TRAL_2018_Gonydale14,1,yes,before,2018-01-26T00:00:00Z,GO-TRAL-2994,J15497,M81,2005-09-18T22:00:00Z,Chick,Male,12
13283,TRAL_2018_Gonydale142,1,yes,before,2018-01-26T00:00:00Z,GO-TRAL-1276,J06023,B88,1988-10-28T23:00:00Z,Chick,Female,29
13283,TRAL_2018_Gonydale142,1,yes,after,2018-02-05T00:00:00Z,GO-TRAL-1276,J06023,B88,1988-10-28T23:00:00Z,Chick,Female,29
13284,TRAL_2018_Gonydale143,1,yes,before,2018-01-26T00:00:00Z,GO6850702167,J06041,J33,1988-10-30T23:00:00Z,Chick,Male,29
13284,TRAL_2018_Gonydale143,1,yes,after,2018-02-05T00:00:00Z,GO-TRAL-0916-1059,J15994,J09,2009-01-06T23:00:00Z,Adult,Female,14
13285,TRAL_2018_Gonydale144,1,yes,before,2018-01-26T00:00:00Z,GO-TRAL-2557,J14620,H43,2001-08-13T22:00:00Z,Chick,Female,16
13285,TRAL_2018_Gonydale144,1,yes,after,2018-02-05T00:00:00Z,GO-TRAL-2557,J14620,H43,2001-08-13T22:00:00Z,Chick,Female,16
13286,TRAL_2018_Gonydale145,1,yes,before,2018-01-26T00:00:00Z,GO-TRAL-0916-1124,J16672,P49,2010-09-21T22:00:00Z,Chick,Female,7
13286,TRAL_2018_Gonydale145,1,yes,after,2018-02-05T00:00:00Z,GO-TRAL-0916-1124,J16672,P49,2010-09-21T22:00:00Z,Chick,Female,7
13288,TRAL_2018_Gonydale147,1,yes,before,2018-01-26T00:00:00Z,GO-TRAL-C-1281,J06029,G14,1988-10-28T23:00:00Z,Chick,Female,29
13288,TRAL_2018_Gonydale147,1,yes,after,2018-02-05T00:00:00Z,GO-TRAL-0916-1159,J16697,J68,2011-02-01T23:00:00Z,Adult,Male,12
13290,TRAL_2018_Gonydale149,1,yes,before,2018-01-26T00:00:00Z,GO-TRAL-1818,J11063,E72,1997-11-09T23:00:00Z,Chick,Female,20
13290,TRAL_2018_Gonydale149,1,yes,after,2018-02-05T00:00:00Z,GO-TRAL-1818,J11063,E72,1997-11-09T23:00:00Z,Chick,Female,20
13292,TRAL_2018_Gonydale150,1,yes,before,2018-01-26T00:00:00Z,GO-TRAL-2531,J14594,J46,2001-08-12T22:00:00Z,Chick,Female,16
13292,TRAL_2018_Gonydale150,1,yes,after,2018-02-05T00:00:00Z,GO-TRAL-2094,J14136,H47,2000-09-13T22:00:00Z,Chick,Male,17
13295,TRAL_2018_Gonydale154,1,yes,before,2018-01-26T00:00:00Z,GO-16-18-5223,J15967,P47,2018-01-12T23:00:00Z,Adult,Male,5
13295,TRAL_2018_Gonydale154,1,yes,after,2018-02-05T00:00:00Z,GO-16-18-5412,J22939,P60,2018-01-18T23:00:00Z,Adult,Female,5
13298,TRAL_2018_Gonydale17,1,yes,before,2018-01-26T00:00:00Z,GO-16-18-5493,J22940,P71,2018-01-25T23:00:00Z,Adult,Female,5
13298,TRAL_2018_Gonydale17,1,yes,after,2018-02-05T00:00:00Z,GO-16-18-5493,J22940,P71,2018-01-25T23:00:00Z,Adult,Female,5
13299,TRAL_2018_Gonydale18,1,yes,before,2018-01-26T00:00:00Z,GO-TRAL-3121,J15661,N83,2006-09-25T22:00:00Z,Chick,Male,11
13299,TRAL_2018_Gonydale18,1,yes,after,2018-02-05T00:00:00Z,GO-TRAL-0916-6962,J22670,N29,2015-01-14T23:00:00Z,Adult,Female,8
13301,TRAL_2018_Gonydale2,1,yes,before,2018-01-26T00:00:00Z,GO-TRAL-1279,J06026,G95,1988-10-28T23:00:00Z,Chick,Male,29
13301,TRAL_2018_Gonydale2,1,yes,after,2018-02-05T00:00:00Z,GO-TRAL-1419,J06292,E95,1990-03-16T23:00:00Z,Adult,Female,33
13302,TRAL_2018_Gonydale20,1,yes,before,2018-01-26T00:00:00Z,GO-TRAL-568,J02213,A88,1982-10-30T23:00:00Z,Chick,Male,35
13302,TRAL_2018_Gonydale20,1,yes,after,2018-02-05T00:00:00Z,GO-TRAL-308,J01331,G68,1979-11-03T23:00:00Z,Chick,Female,38
13303,TRAL_2018_Gonydale21,1,yes,before,2018-01-26T00:00:00Z,GO-TRAL-0916-1201,J16904,P65,2011-09-19T22:00:00Z,Chick,Female,6
13303,TRAL_2018_Gonydale21,1,yes,after,2018-02-05T00:00:00Z,GO-16-18-5575,J22945,P66,2018-02-04T23:00:00Z,Adult,Male,5
13304,TRAL_2018_Gonydale22,1,yes,before,2018-01-26T00:00:00Z,GO-TRAL-2216,J14320,F08,2001-02-27T23:00:00Z,Adult,Male,22
13304,TRAL_2018_Gonydale22,1,yes,after,2018-02-05T00:00:00Z,GO-TRAL-2216,J14320,F08,2001-02-27T23:00:00Z,Adult,Male,22
13306,TRAL_2018_Gonydale24,1,yes,before,2018-01-26T00:00:00Z,GO-TRAL-0916-8003,J16505,P27,2009-08-19T22:00:00Z,Chick,Female,8
13306,TRAL_2018_Gonydale24,1,yes,after,2018-02-05T00:00:00Z,GO-TRAL-0916-8003,J16505,P27,2009-08-19T22:00:00Z,Chick,Female,8
13308,TRAL_2018_Gonydale27,1,yes,before,2018-01-26T00:00:00Z,GO-TRAL-1812,J11057,B85,1997-11-09T23:00:00Z,Chick,Male,20
13308,TRAL_2018_Gonydale27,1,yes,after,2018-02-05T00:00:00Z,GO-TRAL-1812,J11057,B85,1997-11-09T23:00:00Z,Chick,Male,20
13309,TRAL_2018_Gonydale29,1,yes,before,2018-01-26T00:00:00Z,GO-TRAL-2201,J14269,B81,2001-02-06T23:00:00Z,Adult,Male,22
13309,TRAL_2018_Gonydale29,1,yes,after,2018-02-05T00:00:00Z,GO-TRAL-2201,J14269,B81,2001-02-06T23:00:00Z,Adult,Male,22
13310,TRAL_2018_Gonydale3,1,yes,before,2018-01-26T00:00:00Z,GO-TRAL-0916-8066,J16612,P73,2009-08-16T22:00:00Z,Chick,Male,8
13310,TRAL_2018_Gonydale3,1,yes,after,2018-02-05T00:00:00Z,GO-TRAL-0916-8066,J16612,P73,2009-08-16T22:00:00Z,Chick,Male,8
13311,TRAL_2018_Gonydale32,1,yes,before,2018-01-26T00:00:00Z,GO-TRAL-867,J04544,F43,1985-11-06T23:00:00Z,Chick,Male,32
13311,TRAL_2018_Gonydale32,1,yes,after,2018-02-05T00:00:00Z,GO-TRAL-867,J04544,F43,1985-11-06T23:00:00Z,Chick,Male,32
13313,TRAL_2018_Gonydale34,1,yes,before,2018-01-26T00:00:00Z,GO-TRAL-2756,J15273,E93,2004-04-16T22:00:00Z,Adult,Male,19
13313,TRAL_2018_Gonydale34,1,yes,after,2018-02-05T00:00:00Z,GO-TRAL-2756,J15273,E93,2004-04-16T22:00:00Z,Adult,Male,19
13314,TRAL_2018_Gonydale36,1,yes,before,2018-01-26T00:00:00Z,GO-TRAL-1351,J06078,G39,1989-10-15T23:00:00Z,Chick,Female,28
13314,TRAL_2018_Gonydale36,1,yes,after,2018-02-05T00:00:00Z,GO-TRAL-2303,J14271,E28,2001-02-13T23:00:00Z,Adult,Male,22
13316,TRAL_2018_Gonydale38,1,yes,before,2018-01-26T00:00:00Z,GO-16-18-373,J15957,,2017-01-25T23:00:00Z,Adult,Male,6
13316,TRAL_2018_Gonydale38,1,yes,after,2018-02-05T00:00:00Z,GO-TRAL-0916-2200,J15951,K36,2008-08-14T22:00:00Z,Chick,Female,9
13318,TRAL_2018_Gonydale40,1,yes,before,2018-01-26T00:00:00Z,GO-16-18-5214,J15864,P84,2018-01-12T23:00:00Z,Adult,Female,5
13318,TRAL_2018_Gonydale40,1,yes,after,2018-02-05T00:00:00Z,GO-16-18-5214,J15864,P84,2018-01-12T23:00:00Z,Adult,Female,5
13320,TRAL_2018_Gonydale42,1,yes,before,2018-01-26T00:00:00Z,GO-TRAL-1895,J12018,A12,1998-03-25T23:00:00Z,Adult,Female,25
13320,TRAL_2018_Gonydale42,1,yes,after,2018-02-05T00:00:00Z,GO-TRAL-0916-1428,J15725,C29,2009-02-08T23:00:00Z,Adult,Male,14
13321,TRAL_2018_Gonydale43,1,yes,before,2018-01-26T00:00:00Z,GO-TRAL-1935,J12016,F93,1998-03-25T23:00:00Z,Adult,Female,25
13321,TRAL_2018_Gonydale43,1,yes,after,2018-02-05T00:00:00Z,GO-16-18-5574,J22944,P54,2018-02-04T23:00:00Z,Adult,Male,5
13322,TRAL_2018_Gonydale44,1,yes,before,2018-01-26T00:00:00Z,GO-TRAL-2929,J15426,M60,2004-08-30T22:00:00Z,Chick,Male,13
13322,TRAL_2018_Gonydale44,1,yes,after,2018-02-05T00:00:00Z,GO-TRAL-0916-3943,J22194,M86,2014-01-14T23:00:00Z,Adult,Female,9
13322,TRAL_2018_Gonydale44,1,yes,after,2018-02-05T00:00:00Z,GO-TRAL-2929,J15426,M60,2004-08-30T22:00:00Z,Chick,Male,13
13323,TRAL_2018_Gonydale45,1,yes,before,2018-01-26T00:00:00Z,GO-TRAL-1764,J09421,G20,1994-09-27T23:00:00Z,Chick,Male,23
13323,TRAL_2018_Gonydale45,1,yes,after,2018-02-05T00:00:00Z,GO-TRAL-1368,J06102,F06,1989-10-15T23:00:00Z,Chick,Female,28
13326,TRAL_2018_Gonydale48,1,yes,before,2018-01-26T00:00:00Z,GO-TRAL-0916-3980,J15862,M87,2007-08-14T22:00:00Z,Chick,Female,10
13326,TRAL_2018_Gonydale48,1,yes,after,2018-02-05T00:00:00Z,GO-TRAL-3010,J15523,M97,2005-09-21T22:00:00Z,Chick,Male,12
13327,TRAL_2018_Gonydale49,1,yes,before,2018-01-26T00:00:00Z,GO-TRAL-0916-2445,J16795,L38,2012-03-12T23:00:00Z,Adult,Female,11
13327,TRAL_2018_Gonydale49,1,yes,after,2018-02-05T00:00:00Z,GO-TRAL-2819,J15300,J70,2004-08-21T22:00:00Z,Chick,Male,13
13328,TRAL_2018_Gonydale5,1,yes,before,2018-01-26T00:00:00Z,GO-TRAL-0916-1422,J15457,B90,2009-01-06T23:00:00Z,Adult,Male,14
13328,TRAL_2018_Gonydale5,1,yes,after,2018-02-05T00:00:00Z,GO-TRAL-0916-1433,J15732,C49,2009-01-23T23:00:00Z,Adult,Female,14
13329,TRAL_2018_Gonydale50,1,yes,before,2018-01-26T00:00:00Z,GO-TRAL-2542,J14605,,2001-08-12T22:00:00Z,Chick,Male,16
13329,TRAL_2018_Gonydale50,1,yes,after,2018-02-05T00:00:00Z,GO-TRAL-2542,J14605,,2001-08-12T22:00:00Z,Chick,Male,16
13330,TRAL_2018_Gonydale51,1,yes,before,2018-01-26T00:00:00Z,GO-TRAL-0916-879,J15490,H03,2010-01-23T23:00:00Z,Adult,Female,13
13330,TRAL_2018_Gonydale51,1,yes,after,2018-02-05T00:00:00Z,GO-TRAL-1816,J11038,G27,1997-11-09T23:00:00Z,Chick,Male,20
13331,TRAL_2018_Gonydale52,1,yes,before,2018-01-26T00:00:00Z,GO-TRAL-1727,J09435,E81,1994-09-27T23:00:00Z,Chick,Male,23
13331,TRAL_2018_Gonydale52,1,yes,after,2018-02-05T00:00:00Z,GO-TRAL-1727,J09435,E81,1994-09-27T23:00:00Z,Chick,Male,23
13333,TRAL_2018_Gonydale55,1,yes,before,2018-01-26T00:00:00Z,GO-TRAL-0916-1033,J15592,H93,2010-01-09T23:00:00Z,Adult,Female,13
13333,TRAL_2018_Gonydale55,1,yes,after,2018-02-05T00:00:00Z,GO-TRAL-1725,J09434,E78,1994-09-27T23:00:00Z,Chick,Male,23
13334,TRAL_2018_Gonydale56,1,yes,before,2018-01-26T00:00:00Z,GO-TRAL-2951,J15360,M29,2005-09-26T22:00:00Z,Chick,Female,12
13334,TRAL_2018_Gonydale56,1,yes,after,2018-02-05T00:00:00Z,GO-TRAL-2951,J15360,M29,2005-09-26T22:00:00Z,Chick,Female,12
13335,TRAL_2018_Gonydale57,1,yes,before,2018-01-26T00:00:00Z,GO-TRAL-0916-1160,J16698,J69,2011-02-01T23:00:00Z,Adult,Male,12
13335,TRAL_2018_Gonydale57,1,yes,after,2018-02-05T00:00:00Z,GO-TRAL-2645,J15217,K05,2003-10-07T22:00:00Z,Chick,Female,14
13336,TRAL_2018_Gonydale59,1,yes,before,2018-01-26T00:00:00Z,GO-TRAL-0916-7906,J22686,N92,2016-01-22T23:00:00Z,Adult,Female,7
13336,TRAL_2018_Gonydale59,1,yes,after,2018-02-05T00:00:00Z,GO-TRAL-0916-7906,J22686,N92,2016-01-22T23:00:00Z,Adult,Female,7
13338,TRAL_2018_Gonydale60,1,yes,before,2018-01-26T00:00:00Z,GO-TRAL-2588,J15101,H91,2001-08-22T22:00:00Z,Chick,Male,16
13338,TRAL_2018_Gonydale60,1,yes,after,2018-02-05T00:00:00Z,GO-TRAL-0916-923,J16566,H57,2010-01-17T23:00:00Z,Adult,Female,13
13341,TRAL_2018_Gonydale63,1,yes,before,2018-01-26T00:00:00Z,GO-TRAL-0916-8022,J16525,P72,2009-08-16T22:00:00Z,Chick,Male,8
13341,TRAL_2018_Gonydale63,1,yes,after,2018-02-05T00:00:00Z,GO-16-18-5298,J22936,P50,2018-01-13T23:00:00Z,Adult,Female,5
13344,TRAL_2018_Gonydale66,1,yes,before,2018-01-26T00:00:00Z,GO-TRAL-3042,J15555,N53,2005-09-21T22:00:00Z,Chick,Male,12
13344,TRAL_2018_Gonydale66,1,yes,after,2018-02-05T00:00:00Z,GO-TRAL-3042,J15555,N53,2005-09-21T22:00:00Z,Chick,Male,12
13345,TRAL_2018_Gonydale67,1,yes,before,2018-01-26T00:00:00Z,GO-TRAL-2642,J22669,H75,2002-09-18T22:00:00Z,Chick,Female,15
13345,TRAL_2018_Gonydale67,1,yes,after,2018-02-05T00:00:00Z,GO-TRAL-2642,J22669,H75,2002-09-18T22:00:00Z,Chick,Female,15
13346,TRAL_2018_Gonydale68,1,yes,before,2018-01-26T00:00:00Z,GO-TRAL-0916-2378,J16776,L09,2012-02-06T23:00:00Z,Adult,Female,11
13346,TRAL_2018_Gonydale68,1,yes,after,2018-02-05T00:00:00Z,GO-TRAL-1523,J07165,E48,1991-10-01T23:00:00Z,Chick,Male,26
13350,TRAL_2018_Gonydale71,1,yes,before,2018-01-26T00:00:00Z,GO-TRAL-0916-1503,J15839,G17,2011-02-01T23:00:00Z,Adult,Female,12
13350,TRAL_2018_Gonydale71,1,yes,after,2018-02-05T00:00:00Z,GO-TRAL-1027,J04122,A51,1986-09-26T22:00:00Z,Chick,Male,31
13351,TRAL_2018_Gonydale72,1,yes,before,2018-01-26T00:00:00Z,GO-16-18-5272,J22938,P46,2018-01-12T23:00:00Z,Adult,Female,5
13351,TRAL_2018_Gonydale72,1,yes,after,2018-02-05T00:00:00Z,GO-TRAL-0916-8006,J16508,P86,2009-08-16T22:00:00Z,Chick,Male,8
13353,TRAL_2018_Gonydale74,1,yes,before,2018-01-26T00:00:00Z,GO-TRAL-0916-841,J15581,G73,2010-01-10T23:00:00Z,Adult,Male,13
13353,TRAL_2018_Gonydale74,1,yes,after,2018-02-05T00:00:00Z,GO-TRAL-1628,J09348,E88,1992-10-29T23:00:00Z,Chick,Female,25
13354,TRAL_2018_Gonydale75,1,yes,before,2018-01-26T00:00:00Z,GO-TRAL-2445,J14503,F17,2001-04-10T22:00:00Z,Adult,Male,22
13354,TRAL_2018_Gonydale75,1,yes,after,2018-02-05T00:00:00Z,GO-TRAL-2443,J14495,H07,2001-03-28T22:00:00Z,Adult,Female,22
13355,TRAL_2018_Gonydale76,1,yes,before,2018-01-26T00:00:00Z,GO-TRAL-2784,J15233,G86,2004-04-07T22:00:00Z,Adult,Male,19
13355,TRAL_2018_Gonydale76,1,yes,after,2018-02-05T00:00:00Z,GO-TRAL-2784,J15233,G86,2004-04-07T22:00:00Z,Adult,Male,19
13356,TRAL_2018_Gonydale77,1,yes,before,2018-01-26T00:00:00Z,GO-TRAL-2561,J14624,H56,2001-08-13T22:00:00Z,Chick,Male,16
13356,TRAL_2018_Gonydale77,1,yes,after,2018-02-05T00:00:00Z,GO-TRAL-0916-918,J16565,H55,2010-01-10T23:00:00Z,Adult,Female,13
13358,TRAL_2018_Gonydale79,1,yes,before,2018-01-26T00:00:00Z,GO-16-18-5215,J15871,P40,2018-01-12T23:00:00Z,Adult,Male,5
13358,TRAL_2018_Gonydale79,1,yes,after,2018-02-05T00:00:00Z,GO-16-18-5215,J15871,P40,2018-01-12T23:00:00Z,Adult,Male,5
13360,TRAL_2018_Gonydale81A,1,yes,before,2018-01-26T00:00:00Z,GO-TRAL-2176,J14161,J31,2000-10-28T22:00:00Z,Chick,Male,17
13360,TRAL_2018_Gonydale81A,1,yes,after,2018-02-05T00:00:00Z,GO-TRAL-0916-1161,J16699,,2011-02-01T23:00:00Z,Adult,Female,12
13363,TRAL_2018_Gonydale83,1,yes,before,2018-01-26T00:00:00Z,GO-TRAL-2806,J15286,K31,2004-08-20T22:00:00Z,Chick,Female,13
13363,TRAL_2018_Gonydale83,1,yes,after,2018-02-05T00:00:00Z,GO-TRAL-2806,J15286,K31,2004-08-20T22:00:00Z,Chick,Female,13
13368,TRAL_2018_Gonydale88,1,yes,before,2018-01-26T00:00:00Z,GO-16-18-5494,J22941,P82,2018-01-25T23:00:00Z,Adult,Female,5
13368,TRAL_2018_Gonydale88,1,yes,after,2018-02-05T00:00:00Z,GO-TRAL-0916-2274,J16755,K71,2012-01-28T23:00:00Z,Adult,Male,11
13370,TRAL_2018_Gonydale9,1,yes,before,2018-01-26T00:00:00Z,GO-TRAL-2260,J14222,E50,2001-01-17T23:00:00Z,Adult,Male,23
13370,TRAL_2018_Gonydale9,1,yes,after,2018-02-05T00:00:00Z,GO-TRAL-2778,J15274,E67,2004-04-16T22:00:00Z,Adult,Female,20
13371,TRAL_2018_Gonydale90,1,yes,before,2018-01-26T00:00:00Z,GO-TRAL-3038,J15551,L48,2005-09-21T22:00:00Z,Chick,Male,12
13371,TRAL_2018_Gonydale90,1,yes,after,2018-02-05T00:00:00Z,GO-TRAL-2964,J15466,M12,2005-09-18T22:00:00Z,Chick,Female,12
13372,TRAL_2018_Gonydale91,1,yes,before,2018-01-26T00:00:00Z,GO-TRAL-3033,J15546,P62,2005-09-21T22:00:00Z,Chick,Female,12
13372,TRAL_2018_Gonydale91,1,yes,after,2018-02-05T00:00:00Z,GO-TRAL-3033,J15546,P62,2005-09-21T22:00:00Z,Chick,Female,12
13373,TRAL_2018_Gonydale92,1,yes,before,2018-01-26T00:00:00Z,GO-TRAL-2286,J14253,B53,2001-02-05T23:00:00Z,Adult,Female,22
13373,TRAL_2018_Gonydale92,1,yes,after,2018-02-05T00:00:00Z,GO-TRAL-2286,J14253,B53,2001-02-05T23:00:00Z,Adult,Female,22
13376,TRAL_2018_Gonydale95,1,yes,before,2018-01-26T00:00:00Z,GO-TRAL-808,J04060,M79,1984-10-20T23:00:00Z,Chick,Female,33
13376,TRAL_2018_Gonydale95,1,yes,after,2018-02-05T00:00:00Z,GO-TRAL-1943,J12033,E77,1998-03-25T23:00:00Z,Adult,Male,25
13377,TRAL_2018_Gonydale96,1,yes,before,2018-01-26T00:00:00Z,GO-TRAL-1772,J09433,A30,1994-09-27T23:00:00Z,Chick,Male,23
13377,TRAL_2018_Gonydale96,1,yes,after,2018-02-05T00:00:00Z,GO-TRAL-0916-758,J15606,G33,2010-01-17T23:00:00Z,Adult,Female,13
